Filename,Relative Path,Prediction,Confidence (%),Action Required
processed_1928-5.png,4.28.1号机OK/5/processed_1928-5.png,sn,12.8,Review (Flagged for Double Check)
processed_1779-5.png,4.28.1号机OK/5/processed_1779-5.png,o,98.57,Pass (Confirmed OK)
processed_1760-5.png,4.28.1号机OK/5/processed_1760-5.png,o,94.47,Pass (Confirmed OK)
processed_1775-5.png,4.28.1号机OK/5/processed_1775-5.png,o,99.87,Pass (Confirmed OK)
processed_1749-5.png,4.28.1号机OK/5/processed_1749-5.png,o,93.52,Pass (Confirmed OK)
processed_1744-5.png,4.28.1号机OK/5/processed_1744-5.png,o,95.15,Pass (Confirmed OK)
processed_1911-5.png,4.28.1号机OK/5/processed_1911-5.png,o,97.75,Pass (Confirmed OK)
processed_1759-5.png,4.28.1号机OK/5/processed_1759-5.png,o,99.74,Pass (Confirmed OK)
processed_1789-5.png,4.28.1号机OK/5/processed_1789-5.png,o,91.48,Pass (Confirmed OK)
processed_1792-5.png,4.28.1号机OK/5/processed_1792-5.png,sn,12.08,Review (Flagged for Double Check)
processed_1933-5.png,4.28.1号机OK/5/processed_1933-5.png,o,95.9,Pass (Confirmed OK)
processed_1738-5.png,4.28.1号机OK/5/processed_1738-5.png,o,99.63,Pass (Confirmed OK)
processed_1925-5.png,4.28.1号机OK/5/processed_1925-5.png,o,90.38,Pass (Confirmed OK)
processed_1795-5.png,4.28.1号机OK/5/processed_1795-5.png,o,96.64,Pass (Confirmed OK)
processed_1794-5.png,4.28.1号机OK/5/processed_1794-5.png,o,98.35,Pass (Confirmed OK)
processed_1930-5.png,4.28.1号机OK/5/processed_1930-5.png,o,97.39,Pass (Confirmed OK)
processed_1798-5.png,4.28.1号机OK/5/processed_1798-5.png,o,96.95,Pass (Confirmed OK)
processed_1788-5.png,4.28.1号机OK/5/processed_1788-5.png,o,97.37,Pass (Confirmed OK)
processed_1924-5.png,4.28.1号机OK/5/processed_1924-5.png,o,97.88,Pass (Confirmed OK)
processed_1936-5.png,4.28.1号机OK/5/processed_1936-5.png,o,93.51,Pass (Confirmed OK)
processed_1724-5.png,4.28.1号机OK/5/processed_1724-5.png,o,99.97,Pass (Confirmed OK)
processed_1757-5.png,4.28.1号机OK/5/processed_1757-5.png,o,98.37,Pass (Confirmed OK)
processed_1796-5.png,4.28.1号机OK/5/processed_1796-5.png,o,99.35,Pass (Confirmed OK)
processed_1912-5.png,4.28.1号机OK/5/processed_1912-5.png,o,98.69,Pass (Confirmed OK)
processed_1780-5.png,4.28.1号机OK/5/processed_1780-5.png,o,99.91,Pass (Confirmed OK)
processed_1797-5.png,4.28.1号机OK/5/processed_1797-5.png,o,99.83,Pass (Confirmed OK)
processed_1756-5.png,4.28.1号机OK/5/processed_1756-5.png,o,95.44,Pass (Confirmed OK)
processed_1741-5.png,4.28.1号机OK/5/processed_1741-5.png,o,99.16,Pass (Confirmed OK)
processed_1913-5.png,4.28.1号机OK/5/processed_1913-5.png,o,99.8,Pass (Confirmed OK)
processed_1769-5.png,4.28.1号机OK/5/processed_1769-5.png,o,98.13,Pass (Confirmed OK)
processed_1943-5.png,4.28.1号机OK/5/processed_1943-5.png,o,97.19,Pass (Confirmed OK)
processed_1731-5.png,4.28.1号机OK/5/processed_1731-5.png,o,99.97,Pass (Confirmed OK)
processed_1942-5.png,4.28.1号机OK/5/processed_1942-5.png,o,99.7,Pass (Confirmed OK)
processed_1733-5.png,4.28.1号机OK/5/processed_1733-5.png,o,99.99,Pass (Confirmed OK)
processed_1923-5.png,4.28.1号机OK/5/processed_1923-5.png,o,99.83,Pass (Confirmed OK)
processed_1745-5.png,4.28.1号机OK/5/processed_1745-5.png,o,94.39,Pass (Confirmed OK)
processed_1754-5.png,4.28.1号机OK/5/processed_1754-5.png,sf,60.21,Review (Flagged for Double Check)
processed_1763-5.png,4.28.1号机OK/5/processed_1763-5.png,o,99.37,Pass (Confirmed OK)
processed_1799-5.png,4.28.1号机OK/5/processed_1799-5.png,o,99.15,Pass (Confirmed OK)
processed_1734-5.png,4.28.1号机OK/5/processed_1734-5.png,o,99.95,Pass (Confirmed OK)
processed_1729-5.png,4.28.1号机OK/5/processed_1729-5.png,o,99.84,Pass (Confirmed OK)
processed_1758-5.png,4.28.1号机OK/5/processed_1758-5.png,o,98.86,Pass (Confirmed OK)
processed_1782-5.png,4.28.1号机OK/5/processed_1782-5.png,o,99.46,Pass (Confirmed OK)
processed_1727-5.png,4.28.1号机OK/5/processed_1727-5.png,o,99.88,Pass (Confirmed OK)
processed_1764-5.png,4.28.1号机OK/5/processed_1764-5.png,o,99.68,Pass (Confirmed OK)
processed_1770-5.png,4.28.1号机OK/5/processed_1770-5.png,o,98.1,Pass (Confirmed OK)
processed_1739-5.png,4.28.1号机OK/5/processed_1739-5.png,o,99.81,Pass (Confirmed OK)
processed_1938-5.png,4.28.1号机OK/5/processed_1938-5.png,sf,39.62,Review (Flagged for Double Check)
processed_1785-5.png,4.28.1号机OK/5/processed_1785-5.png,o,99.77,Pass (Confirmed OK)
processed_1746-5.png,4.28.1号机OK/5/processed_1746-5.png,o,93.94,Pass (Confirmed OK)
processed_1940-5.png,4.28.1号机OK/5/processed_1940-5.png,sf,37.95,Review (Flagged for Double Check)
processed_1755-5.png,4.28.1号机OK/5/processed_1755-5.png,o,99.72,Pass (Confirmed OK)
processed_1908-5.png,4.28.1号机OK/5/processed_1908-5.png,o,98.57,Pass (Confirmed OK)
processed_1772-5.png,4.28.1号机OK/5/processed_1772-5.png,o,99.98,Pass (Confirmed OK)
processed_1783-5.png,4.28.1号机OK/5/processed_1783-5.png,o,90.09,Pass (Confirmed OK)
processed_1776-5.png,4.28.1号机OK/5/processed_1776-5.png,o,99.94,Pass (Confirmed OK)
processed_1761-5.png,4.28.1号机OK/5/processed_1761-5.png,o,98.69,Pass (Confirmed OK)
processed_1784-5.png,4.28.1号机OK/5/processed_1784-5.png,o,99.89,Pass (Confirmed OK)
processed_1777-5.png,4.28.1号机OK/5/processed_1777-5.png,o,99.47,Pass (Confirmed OK)
processed_1932-5.png,4.28.1号机OK/5/processed_1932-5.png,o,96.69,Pass (Confirmed OK)
processed_1732-5.png,4.28.1号机OK/5/processed_1732-5.png,o,99.9,Pass (Confirmed OK)
processed_1922-5.png,4.28.1号机OK/5/processed_1922-5.png,o,99.65,Pass (Confirmed OK)
processed_1778-5.png,4.28.1号机OK/5/processed_1778-5.png,o,99.48,Pass (Confirmed OK)
processed_1736-5.png,4.28.1号机OK/5/processed_1736-5.png,sf,75.96,Review (Flagged for Double Check)
processed_1735-5.png,4.28.1号机OK/5/processed_1735-5.png,o,99.78,Pass (Confirmed OK)
processed_1927-5.png,4.28.1号机OK/5/processed_1927-5.png,o,98.86,Pass (Confirmed OK)
processed_1915-5.png,4.28.1号机OK/5/processed_1915-5.png,o,99.85,Pass (Confirmed OK)
processed_1920-5.png,4.28.1号机OK/5/processed_1920-5.png,sn,31.27,Review (Flagged for Double Check)
processed_1728-5.png,4.28.1号机OK/5/processed_1728-5.png,o,99.94,Pass (Confirmed OK)
processed_1765-5.png,4.28.1号机OK/5/processed_1765-5.png,o,99.45,Pass (Confirmed OK)
processed_1730-5.png,4.28.1号机OK/5/processed_1730-5.png,o,99.98,Pass (Confirmed OK)
processed_1937-5.png,4.28.1号机OK/5/processed_1937-5.png,o,96.99,Pass (Confirmed OK)
processed_1753-5.png,4.28.1号机OK/5/processed_1753-5.png,o,99.09,Pass (Confirmed OK)
processed_1743-5.png,4.28.1号机OK/5/processed_1743-5.png,o,99.18,Pass (Confirmed OK)
processed_1771-5.png,4.28.1号机OK/5/processed_1771-5.png,o,99.98,Pass (Confirmed OK)
processed_1934-5.png,4.28.1号机OK/5/processed_1934-5.png,sn,13.3,Review (Flagged for Double Check)
processed_1939-5.png,4.28.1号机OK/5/processed_1939-5.png,sf,17.66,Review (Flagged for Double Check)
processed_1918-5.png,4.28.1号机OK/5/processed_1918-5.png,o,99.49,Pass (Confirmed OK)
processed_1762-5.png,4.28.1号机OK/5/processed_1762-5.png,o,99.96,Pass (Confirmed OK)
processed_1931-5.png,4.28.1号机OK/5/processed_1931-5.png,sn,10.83,Review (Flagged for Double Check)
processed_1786-5.png,4.28.1号机OK/5/processed_1786-5.png,o,96.56,Pass (Confirmed OK)
processed_1774-5.png,4.28.1号机OK/5/processed_1774-5.png,o,91.93,Pass (Confirmed OK)
processed_1723-5.png,4.28.1号机OK/5/processed_1723-5.png,o,99.97,Pass (Confirmed OK)
processed_1747-5.png,4.28.1号机OK/5/processed_1747-5.png,o,96.38,Pass (Confirmed OK)
processed_1921-5.png,4.28.1号机OK/5/processed_1921-5.png,o,94.18,Pass (Confirmed OK)
processed_1766-5.png,4.28.1号机OK/5/processed_1766-5.png,o,99.83,Pass (Confirmed OK)
processed_1793-5.png,4.28.1号机OK/5/processed_1793-5.png,sn,13.47,Review (Flagged for Double Check)
processed_1909-5.png,4.28.1号机OK/5/processed_1909-5.png,o,99.29,Pass (Confirmed OK)
processed_1773-5.png,4.28.1号机OK/5/processed_1773-5.png,o,98.5,Pass (Confirmed OK)
processed_1929-5.png,4.28.1号机OK/5/processed_1929-5.png,sn,12.52,Review (Flagged for Double Check)
processed_1768-5.png,4.28.1号机OK/5/processed_1768-5.png,o,99.98,Pass (Confirmed OK)
processed_1737-5.png,4.28.1号机OK/5/processed_1737-5.png,o,99.97,Pass (Confirmed OK)
processed_1742-5.png,4.28.1号机OK/5/processed_1742-5.png,sn,19.85,Review (Flagged for Double Check)
processed_1916-5.png,4.28.1号机OK/5/processed_1916-5.png,o,99.88,Pass (Confirmed OK)
processed_1748-5.png,4.28.1号机OK/5/processed_1748-5.png,o,95.4,Pass (Confirmed OK)
processed_1791-5.png,4.28.1号机OK/5/processed_1791-5.png,o,98.34,Pass (Confirmed OK)
processed_1919-5.png,4.28.1号机OK/5/processed_1919-5.png,o,99.73,Pass (Confirmed OK)
processed_1781-5.png,4.28.1号机OK/5/processed_1781-5.png,o,98.88,Pass (Confirmed OK)
processed_1941-5.png,4.28.1号机OK/5/processed_1941-5.png,o,99.61,Pass (Confirmed OK)
processed_1752-5.png,4.28.1号机OK/5/processed_1752-5.png,sn,8.69,Review (Flagged for Double Check)
processed_1926-5.png,4.28.1号机OK/5/processed_1926-5.png,o,99.03,Pass (Confirmed OK)
processed_1767-5.png,4.28.1号机OK/5/processed_1767-5.png,o,99.97,Pass (Confirmed OK)
processed_1740-5.png,4.28.1号机OK/5/processed_1740-5.png,o,99.97,Pass (Confirmed OK)
processed_1750-5.png,4.28.1号机OK/5/processed_1750-5.png,o,98.71,Pass (Confirmed OK)
processed_1910-5.png,4.28.1号机OK/5/processed_1910-5.png,o,99.82,Pass (Confirmed OK)
processed_1725-5.png,4.28.1号机OK/5/processed_1725-5.png,o,99.88,Pass (Confirmed OK)
processed_1935-5.png,4.28.1号机OK/5/processed_1935-5.png,o,95.49,Pass (Confirmed OK)
processed_1751-5.png,4.28.1号机OK/5/processed_1751-5.png,o,93.62,Pass (Confirmed OK)
processed_1726-5.png,4.28.1号机OK/5/processed_1726-5.png,o,99.99,Pass (Confirmed OK)
processed_1917-5.png,4.28.1号机OK/5/processed_1917-5.png,sn,16.47,Review (Flagged for Double Check)
processed_1790-5.png,4.28.1号机OK/5/processed_1790-5.png,sn,8.5,Review (Flagged for Double Check)
processed_1770-9.png,4.28.1号机OK/9/processed_1770-9.png,sn,54.92,Review (Flagged for Double Check)
processed_1752-9.png,4.28.1号机OK/9/processed_1752-9.png,sf,61.01,Review (Flagged for Double Check)
processed_1729-9.png,4.28.1号机OK/9/processed_1729-9.png,o,99.43,Pass (Confirmed OK)
processed_1763-9.png,4.28.1号机OK/9/processed_1763-9.png,sn,36.73,Review (Flagged for Double Check)
processed_1736-9.png,4.28.1号机OK/9/processed_1736-9.png,sn,31.48,Review (Flagged for Double Check)
processed_1910-9.png,4.28.1号机OK/9/processed_1910-9.png,sf,10.99,Review (Flagged for Double Check)
processed_1728-9.png,4.28.1号机OK/9/processed_1728-9.png,sn,47.3,Review (Flagged for Double Check)
processed_1788-9.png,4.28.1号机OK/9/processed_1788-9.png,sf,35.38,Review (Flagged for Double Check)
processed_1790-9.png,4.28.1号机OK/9/processed_1790-9.png,sf,44.05,Review (Flagged for Double Check)
processed_1759-9.png,4.28.1号机OK/9/processed_1759-9.png,sn,12.84,Review (Flagged for Double Check)
processed_1794-9.png,4.28.1号机OK/9/processed_1794-9.png,sf,42.95,Review (Flagged for Double Check)
processed_1922-9.png,4.28.1号机OK/9/processed_1922-9.png,sn,48.28,Review (Flagged for Double Check)
processed_1743-9.png,4.28.1号机OK/9/processed_1743-9.png,sn,30.52,Review (Flagged for Double Check)
processed_1920-9.png,4.28.1号机OK/9/processed_1920-9.png,o,97.6,Pass (Confirmed OK)
processed_1935-9.png,4.28.1号机OK/9/processed_1935-9.png,sn,38.09,Review (Flagged for Double Check)
processed_1724-9.png,4.28.1号机OK/9/processed_1724-9.png,sn,13.61,Review (Flagged for Double Check)
processed_1915-9.png,4.28.1号机OK/9/processed_1915-9.png,sn,35.88,Review (Flagged for Double Check)
processed_1768-9.png,4.28.1号机OK/9/processed_1768-9.png,sn,39.23,Review (Flagged for Double Check)
processed_1730-9.png,4.28.1号机OK/9/processed_1730-9.png,sn,34.76,Review (Flagged for Double Check)
processed_1767-9.png,4.28.1号机OK/9/processed_1767-9.png,sn,58.77,Review (Flagged for Double Check)
processed_1924-9.png,4.28.1号机OK/9/processed_1924-9.png,o,98.49,Pass (Confirmed OK)
processed_1793-9.png,4.28.1号机OK/9/processed_1793-9.png,o,99.39,Pass (Confirmed OK)
processed_1748-9.png,4.28.1号机OK/9/processed_1748-9.png,sf,35.83,Review (Flagged for Double Check)
processed_1795-9.png,4.28.1号机OK/9/processed_1795-9.png,sf,22.97,Review (Flagged for Double Check)
processed_1779-9.png,4.28.1号机OK/9/processed_1779-9.png,sn,37.6,Review (Flagged for Double Check)
processed_1798-9.png,4.28.1号机OK/9/processed_1798-9.png,o,98.86,Pass (Confirmed OK)
processed_1741-9.png,4.28.1号机OK/9/processed_1741-9.png,sf,83.68,Review (Flagged for Double Check)
processed_1766-9.png,4.28.1号机OK/9/processed_1766-9.png,sn,51.58,Review (Flagged for Double Check)
processed_1769-9.png,4.28.1号机OK/9/processed_1769-9.png,o,93.05,Pass (Confirmed OK)
processed_1739-9.png,4.28.1号机OK/9/processed_1739-9.png,sn,13.87,Review (Flagged for Double Check)
processed_1751-9.png,4.28.1号机OK/9/processed_1751-9.png,sf,26.01,Review (Flagged for Double Check)
processed_1938-9.png,4.28.1号机OK/9/processed_1938-9.png,sf,58.92,Review (Flagged for Double Check)
processed_1765-9.png,4.28.1号机OK/9/processed_1765-9.png,sn,48.2,Review (Flagged for Double Check)
processed_1723-9.png,4.28.1号机OK/9/processed_1723-9.png,sn,52.95,Review (Flagged for Double Check)
processed_1908-9.png,4.28.1号机OK/9/processed_1908-9.png,sf,28.77,Review (Flagged for Double Check)
processed_1780-9.png,4.28.1号机OK/9/processed_1780-9.png,sn,45.94,Review (Flagged for Double Check)
processed_1923-9.png,4.28.1号机OK/9/processed_1923-9.png,sn,53.99,Review (Flagged for Double Check)
processed_1737-9.png,4.28.1号机OK/9/processed_1737-9.png,sn,13.33,Review (Flagged for Double Check)
processed_1919-9.png,4.28.1号机OK/9/processed_1919-9.png,o,90.3,Pass (Confirmed OK)
processed_1940-9.png,4.28.1号机OK/9/processed_1940-9.png,sn,30.01,Review (Flagged for Double Check)
processed_1727-9.png,4.28.1号机OK/9/processed_1727-9.png,sn,50.69,Review (Flagged for Double Check)
processed_1909-9.png,4.28.1号机OK/9/processed_1909-9.png,sn,29.1,Review (Flagged for Double Check)
processed_1774-9.png,4.28.1号机OK/9/processed_1774-9.png,o,94.06,Pass (Confirmed OK)
processed_1750-9.png,4.28.1号机OK/9/processed_1750-9.png,sn,41.54,Review (Flagged for Double Check)
processed_1785-9.png,4.28.1号机OK/9/processed_1785-9.png,sn,12.0,Review (Flagged for Double Check)
processed_1916-9.png,4.28.1号机OK/9/processed_1916-9.png,o,94.57,Pass (Confirmed OK)
processed_1762-9.png,4.28.1号机OK/9/processed_1762-9.png,sf,32.76,Review (Flagged for Double Check)
processed_1782-9.png,4.28.1号机OK/9/processed_1782-9.png,sn,37.31,Review (Flagged for Double Check)
processed_1926-9.png,4.28.1号机OK/9/processed_1926-9.png,xn,46.03,Review (Flagged for Double Check)
processed_1764-9.png,4.28.1号机OK/9/processed_1764-9.png,sn,49.81,Review (Flagged for Double Check)
processed_1760-9.png,4.28.1号机OK/9/processed_1760-9.png,o,95.92,Pass (Confirmed OK)
processed_1784-9.png,4.28.1号机OK/9/processed_1784-9.png,sn,55.16,Review (Flagged for Double Check)
processed_1933-9.png,4.28.1号机OK/9/processed_1933-9.png,sn,37.11,Review (Flagged for Double Check)
processed_1753-9.png,4.28.1号机OK/9/processed_1753-9.png,sf,30.14,Review (Flagged for Double Check)
processed_1799-9.png,4.28.1号机OK/9/processed_1799-9.png,sf,31.95,Review (Flagged for Double Check)
processed_1746-9.png,4.28.1号机OK/9/processed_1746-9.png,sf,87.64,Review (Flagged for Double Check)
processed_1731-9.png,4.28.1号机OK/9/processed_1731-9.png,sn,55.67,Review (Flagged for Double Check)
processed_1917-9.png,4.28.1号机OK/9/processed_1917-9.png,sn,45.26,Review (Flagged for Double Check)
processed_1937-9.png,4.28.1号机OK/9/processed_1937-9.png,o,99.21,Pass (Confirmed OK)
processed_1761-9.png,4.28.1号机OK/9/processed_1761-9.png,sn,52.69,Review (Flagged for Double Check)
processed_1931-9.png,4.28.1号机OK/9/processed_1931-9.png,sn,37.22,Review (Flagged for Double Check)
processed_1934-9.png,4.28.1号机OK/9/processed_1934-9.png,sn,58.46,Review (Flagged for Double Check)
processed_1747-9.png,4.28.1号机OK/9/processed_1747-9.png,sf,44.59,Review (Flagged for Double Check)
processed_1929-9.png,4.28.1号机OK/9/processed_1929-9.png,sn,50.08,Review (Flagged for Double Check)
processed_1942-9.png,4.28.1号机OK/9/processed_1942-9.png,sf,56.1,Review (Flagged for Double Check)
processed_1791-9.png,4.28.1号机OK/9/processed_1791-9.png,sn,41.47,Review (Flagged for Double Check)
processed_1734-9.png,4.28.1号机OK/9/processed_1734-9.png,sn,13.39,Review (Flagged for Double Check)
processed_1773-9.png,4.28.1号机OK/9/processed_1773-9.png,sn,30.93,Review (Flagged for Double Check)
processed_1772-9.png,4.28.1号机OK/9/processed_1772-9.png,sn,66.41,Review (Flagged for Double Check)
processed_1775-9.png,4.28.1号机OK/9/processed_1775-9.png,o,94.79,Pass (Confirmed OK)
processed_1776-9.png,4.28.1号机OK/9/processed_1776-9.png,sn,45.72,Review (Flagged for Double Check)
processed_1792-9.png,4.28.1号机OK/9/processed_1792-9.png,sn,10.95,Review (Flagged for Double Check)
processed_1781-9.png,4.28.1号机OK/9/processed_1781-9.png,o,98.34,Pass (Confirmed OK)
processed_1757-9.png,4.28.1号机OK/9/processed_1757-9.png,sn,26.29,Review (Flagged for Double Check)
processed_1777-9.png,4.28.1号机OK/9/processed_1777-9.png,sn,62.7,Review (Flagged for Double Check)
processed_1939-9.png,4.28.1号机OK/9/processed_1939-9.png,sn,29.99,Review (Flagged for Double Check)
processed_1740-9.png,4.28.1号机OK/9/processed_1740-9.png,o,97.0,Pass (Confirmed OK)
processed_1754-9.png,4.28.1号机OK/9/processed_1754-9.png,sn,49.23,Review (Flagged for Double Check)
processed_1932-9.png,4.28.1号机OK/9/processed_1932-9.png,sn,27.84,Review (Flagged for Double Check)
processed_1912-9.png,4.28.1号机OK/9/processed_1912-9.png,sn,23.59,Review (Flagged for Double Check)
processed_1943-9.png,4.28.1号机OK/9/processed_1943-9.png,sf,23.72,Review (Flagged for Double Check)
processed_1786-9.png,4.28.1号机OK/9/processed_1786-9.png,o,94.67,Pass (Confirmed OK)
processed_1725-9.png,4.28.1号机OK/9/processed_1725-9.png,sn,31.72,Review (Flagged for Double Check)
processed_1778-9.png,4.28.1号机OK/9/processed_1778-9.png,sn,21.6,Review (Flagged for Double Check)
processed_1921-9.png,4.28.1号机OK/9/processed_1921-9.png,o,97.79,Pass (Confirmed OK)
processed_1925-9.png,4.28.1号机OK/9/processed_1925-9.png,sn,54.0,Review (Flagged for Double Check)
processed_1928-9.png,4.28.1号机OK/9/processed_1928-9.png,sn,8.81,Review (Flagged for Double Check)
processed_1911-9.png,4.28.1号机OK/9/processed_1911-9.png,sn,43.92,Review (Flagged for Double Check)
processed_1918-9.png,4.28.1号机OK/9/processed_1918-9.png,sn,60.88,Review (Flagged for Double Check)
processed_1742-9.png,4.28.1号机OK/9/processed_1742-9.png,sn,39.91,Review (Flagged for Double Check)
processed_1738-9.png,4.28.1号机OK/9/processed_1738-9.png,sn,49.5,Review (Flagged for Double Check)
processed_1941-9.png,4.28.1号机OK/9/processed_1941-9.png,sn,20.34,Review (Flagged for Double Check)
processed_1936-9.png,4.28.1号机OK/9/processed_1936-9.png,sn,66.59,Review (Flagged for Double Check)
processed_1755-9.png,4.28.1号机OK/9/processed_1755-9.png,sf,76.12,Review (Flagged for Double Check)
processed_1745-9.png,4.28.1号机OK/9/processed_1745-9.png,sn,17.64,Review (Flagged for Double Check)
processed_1771-9.png,4.28.1号机OK/9/processed_1771-9.png,sn,52.53,Review (Flagged for Double Check)
processed_1744-9.png,4.28.1号机OK/9/processed_1744-9.png,sf,62.65,Review (Flagged for Double Check)
processed_1735-9.png,4.28.1号机OK/9/processed_1735-9.png,sn,58.43,Review (Flagged for Double Check)
processed_1789-9.png,4.28.1号机OK/9/processed_1789-9.png,sn,38.53,Review (Flagged for Double Check)
processed_1913-9.png,4.28.1号机OK/9/processed_1913-9.png,o,99.22,Pass (Confirmed OK)
processed_1783-9.png,4.28.1号机OK/9/processed_1783-9.png,sf,9.5,Review (Flagged for Double Check)
processed_1756-9.png,4.28.1号机OK/9/processed_1756-9.png,sn,44.71,Review (Flagged for Double Check)
processed_1930-9.png,4.28.1号机OK/9/processed_1930-9.png,sn,69.36,Review (Flagged for Double Check)
processed_1797-9.png,4.28.1号机OK/9/processed_1797-9.png,sn,23.84,Review (Flagged for Double Check)
processed_1796-9.png,4.28.1号机OK/9/processed_1796-9.png,o,90.39,Pass (Confirmed OK)
processed_1758-9.png,4.28.1号机OK/9/processed_1758-9.png,sf,46.31,Review (Flagged for Double Check)
processed_1749-9.png,4.28.1号机OK/9/processed_1749-9.png,sf,68.47,Review (Flagged for Double Check)
processed_1927-9.png,4.28.1号机OK/9/processed_1927-9.png,sn,63.79,Review (Flagged for Double Check)
processed_1733-9.png,4.28.1号机OK/9/processed_1733-9.png,sn,52.57,Review (Flagged for Double Check)
processed_1726-9.png,4.28.1号机OK/9/processed_1726-9.png,sn,46.89,Review (Flagged for Double Check)
processed_1732-9.png,4.28.1号机OK/9/processed_1732-9.png,sn,48.27,Review (Flagged for Double Check)
processed_1931-7.png,4.28.1号机OK/7/processed_1931-7.png,sn,70.73,Review (Flagged for Double Check)
processed_1754-7.png,4.28.1号机OK/7/processed_1754-7.png,o,97.63,Pass (Confirmed OK)
processed_1777-7.png,4.28.1号机OK/7/processed_1777-7.png,xn,44.68,Review (Flagged for Double Check)
processed_1776-7.png,4.28.1号机OK/7/processed_1776-7.png,sn,78.88,Review (Flagged for Double Check)
processed_1750-7.png,4.28.1号机OK/7/processed_1750-7.png,sn,39.29,Review (Flagged for Double Check)
processed_1744-7.png,4.28.1号机OK/7/processed_1744-7.png,xn,78.59,Review (Flagged for Double Check)
processed_1778-7.png,4.28.1号机OK/7/processed_1778-7.png,xn,29.73,Review (Flagged for Double Check)
processed_1731-7.png,4.28.1号机OK/7/processed_1731-7.png,sn,75.3,Review (Flagged for Double Check)
processed_1737-7.png,4.28.1号机OK/7/processed_1737-7.png,sn,65.3,Review (Flagged for Double Check)
processed_1922-7.png,4.28.1号机OK/7/processed_1922-7.png,sn,43.91,Review (Flagged for Double Check)
processed_1795-7.png,4.28.1号机OK/7/processed_1795-7.png,sf,13.83,Review (Flagged for Double Check)
processed_1785-7.png,4.28.1号机OK/7/processed_1785-7.png,sn,11.8,Review (Flagged for Double Check)
processed_1740-7.png,4.28.1号机OK/7/processed_1740-7.png,o,97.88,Pass (Confirmed OK)
processed_1783-7.png,4.28.1号机OK/7/processed_1783-7.png,o,99.49,Pass (Confirmed OK)
processed_1909-7.png,4.28.1号机OK/7/processed_1909-7.png,sn,28.54,Review (Flagged for Double Check)
processed_1792-7.png,4.28.1号机OK/7/processed_1792-7.png,o,98.37,Pass (Confirmed OK)
processed_1728-7.png,4.28.1号机OK/7/processed_1728-7.png,sn,67.04,Review (Flagged for Double Check)
processed_1769-7.png,4.28.1号机OK/7/processed_1769-7.png,o,99.13,Pass (Confirmed OK)
processed_1757-7.png,4.28.1号机OK/7/processed_1757-7.png,sn,28.55,Review (Flagged for Double Check)
processed_1733-7.png,4.28.1号机OK/7/processed_1733-7.png,sn,62.46,Review (Flagged for Double Check)
processed_1918-7.png,4.28.1号机OK/7/processed_1918-7.png,sn,53.94,Review (Flagged for Double Check)
processed_1941-7.png,4.28.1号机OK/7/processed_1941-7.png,sn,34.49,Review (Flagged for Double Check)
processed_1926-7.png,4.28.1号机OK/7/processed_1926-7.png,sn,57.47,Review (Flagged for Double Check)
processed_1738-7.png,4.28.1号机OK/7/processed_1738-7.png,o,98.6,Pass (Confirmed OK)
processed_1934-7.png,4.28.1号机OK/7/processed_1934-7.png,sn,49.91,Review (Flagged for Double Check)
processed_1788-7.png,4.28.1号机OK/7/processed_1788-7.png,sn,21.67,Review (Flagged for Double Check)
processed_1911-7.png,4.28.1号机OK/7/processed_1911-7.png,sn,75.43,Review (Flagged for Double Check)
processed_1916-7.png,4.28.1号机OK/7/processed_1916-7.png,sn,22.32,Review (Flagged for Double Check)
processed_1925-7.png,4.28.1号机OK/7/processed_1925-7.png,sn,58.77,Review (Flagged for Double Check)
processed_1910-7.png,4.28.1号机OK/7/processed_1910-7.png,sn,81.66,Review (Flagged for Double Check)
processed_1790-7.png,4.28.1号机OK/7/processed_1790-7.png,sn,20.07,Review (Flagged for Double Check)
processed_1923-7.png,4.28.1号机OK/7/processed_1923-7.png,sn,80.08,Review (Flagged for Double Check)
processed_1920-7.png,4.28.1号机OK/7/processed_1920-7.png,o,93.96,Pass (Confirmed OK)
processed_1797-7.png,4.28.1号机OK/7/processed_1797-7.png,o,94.5,Pass (Confirmed OK)
processed_1741-7.png,4.28.1号机OK/7/processed_1741-7.png,sn,81.0,Review (Flagged for Double Check)
processed_1794-7.png,4.28.1号机OK/7/processed_1794-7.png,sn,20.01,Review (Flagged for Double Check)
processed_1748-7.png,4.28.1号机OK/7/processed_1748-7.png,sn,27.17,Review (Flagged for Double Check)
processed_1770-7.png,4.28.1号机OK/7/processed_1770-7.png,sn,59.58,Review (Flagged for Double Check)
processed_1762-7.png,4.28.1号机OK/7/processed_1762-7.png,sf,24.15,Review (Flagged for Double Check)
processed_1935-7.png,4.28.1号机OK/7/processed_1935-7.png,sn,69.89,Review (Flagged for Double Check)
processed_1773-7.png,4.28.1号机OK/7/processed_1773-7.png,sn,21.29,Review (Flagged for Double Check)
processed_1919-7.png,4.28.1号机OK/7/processed_1919-7.png,sn,34.66,Review (Flagged for Double Check)
processed_1768-7.png,4.28.1号机OK/7/processed_1768-7.png,o,90.99,Pass (Confirmed OK)
processed_1751-7.png,4.28.1号机OK/7/processed_1751-7.png,sn,12.28,Review (Flagged for Double Check)
processed_1756-7.png,4.28.1号机OK/7/processed_1756-7.png,sn,64.98,Review (Flagged for Double Check)
processed_1779-7.png,4.28.1号机OK/7/processed_1779-7.png,sn,63.52,Review (Flagged for Double Check)
processed_1727-7.png,4.28.1号机OK/7/processed_1727-7.png,sn,55.11,Review (Flagged for Double Check)
processed_1921-7.png,4.28.1号机OK/7/processed_1921-7.png,sn,66.63,Review (Flagged for Double Check)
processed_1943-7.png,4.28.1号机OK/7/processed_1943-7.png,sn,58.41,Review (Flagged for Double Check)
processed_1764-7.png,4.28.1号机OK/7/processed_1764-7.png,xn,84.56,Review (Flagged for Double Check)
processed_1753-7.png,4.28.1号机OK/7/processed_1753-7.png,sn,58.57,Review (Flagged for Double Check)
processed_1729-7.png,4.28.1号机OK/7/processed_1729-7.png,sn,12.01,Review (Flagged for Double Check)
processed_1937-7.png,4.28.1号机OK/7/processed_1937-7.png,o,99.36,Pass (Confirmed OK)
processed_1758-7.png,4.28.1号机OK/7/processed_1758-7.png,sn,71.52,Review (Flagged for Double Check)
processed_1924-7.png,4.28.1号机OK/7/processed_1924-7.png,sn,29.3,Review (Flagged for Double Check)
processed_1736-7.png,4.28.1号机OK/7/processed_1736-7.png,sn,18.95,Review (Flagged for Double Check)
processed_1739-7.png,4.28.1号机OK/7/processed_1739-7.png,o,98.65,Pass (Confirmed OK)
processed_1928-7.png,4.28.1号机OK/7/processed_1928-7.png,o,92.73,Pass (Confirmed OK)
processed_1759-7.png,4.28.1号机OK/7/processed_1759-7.png,sn,59.55,Review (Flagged for Double Check)
processed_1772-7.png,4.28.1号机OK/7/processed_1772-7.png,sn,52.14,Review (Flagged for Double Check)
processed_1942-7.png,4.28.1号机OK/7/processed_1942-7.png,o,96.72,Pass (Confirmed OK)
processed_1784-7.png,4.28.1号机OK/7/processed_1784-7.png,o,97.96,Pass (Confirmed OK)
processed_1771-7.png,4.28.1号机OK/7/processed_1771-7.png,sn,72.9,Review (Flagged for Double Check)
processed_1798-7.png,4.28.1号机OK/7/processed_1798-7.png,o,96.54,Pass (Confirmed OK)
processed_1732-7.png,4.28.1号机OK/7/processed_1732-7.png,sn,63.39,Review (Flagged for Double Check)
processed_1936-7.png,4.28.1号机OK/7/processed_1936-7.png,sn,64.44,Review (Flagged for Double Check)
processed_1780-7.png,4.28.1号机OK/7/processed_1780-7.png,sn,77.26,Review (Flagged for Double Check)
processed_1746-7.png,4.28.1号机OK/7/processed_1746-7.png,sn,7.48,Review (Flagged for Double Check)
processed_1917-7.png,4.28.1号机OK/7/processed_1917-7.png,sn,84.73,Review (Flagged for Double Check)
processed_1933-7.png,4.28.1号机OK/7/processed_1933-7.png,sn,39.66,Review (Flagged for Double Check)
processed_1735-7.png,4.28.1号机OK/7/processed_1735-7.png,sn,78.91,Review (Flagged for Double Check)
processed_1745-7.png,4.28.1号机OK/7/processed_1745-7.png,sn,59.83,Review (Flagged for Double Check)
processed_1752-7.png,4.28.1号机OK/7/processed_1752-7.png,sn,47.98,Review (Flagged for Double Check)
processed_1743-7.png,4.28.1号机OK/7/processed_1743-7.png,sn,13.53,Review (Flagged for Double Check)
processed_1755-7.png,4.28.1号机OK/7/processed_1755-7.png,sn,13.61,Review (Flagged for Double Check)
processed_1927-7.png,4.28.1号机OK/7/processed_1927-7.png,sn,74.98,Review (Flagged for Double Check)
processed_1726-7.png,4.28.1号机OK/7/processed_1726-7.png,sn,86.92,Review (Flagged for Double Check)
processed_1791-7.png,4.28.1号机OK/7/processed_1791-7.png,o,98.56,Pass (Confirmed OK)
processed_1786-7.png,4.28.1号机OK/7/processed_1786-7.png,sn,9.04,Review (Flagged for Double Check)
processed_1742-7.png,4.28.1号机OK/7/processed_1742-7.png,sn,49.34,Review (Flagged for Double Check)
processed_1775-7.png,4.28.1号机OK/7/processed_1775-7.png,sn,14.83,Review (Flagged for Double Check)
processed_1908-7.png,4.28.1号机OK/7/processed_1908-7.png,sn,54.7,Review (Flagged for Double Check)
processed_1747-7.png,4.28.1号机OK/7/processed_1747-7.png,sn,60.46,Review (Flagged for Double Check)
processed_1915-7.png,4.28.1号机OK/7/processed_1915-7.png,sn,71.39,Review (Flagged for Double Check)
processed_1782-7.png,4.28.1号机OK/7/processed_1782-7.png,sn,40.78,Review (Flagged for Double Check)
processed_1793-7.png,4.28.1号机OK/7/processed_1793-7.png,o,92.96,Pass (Confirmed OK)
processed_1940-7.png,4.28.1号机OK/7/processed_1940-7.png,o,97.93,Pass (Confirmed OK)
processed_1939-7.png,4.28.1号机OK/7/processed_1939-7.png,sn,10.66,Review (Flagged for Double Check)
processed_1734-7.png,4.28.1号机OK/7/processed_1734-7.png,sn,83.09,Review (Flagged for Double Check)
processed_1774-7.png,4.28.1号机OK/7/processed_1774-7.png,o,92.34,Pass (Confirmed OK)
processed_1781-7.png,4.28.1号机OK/7/processed_1781-7.png,sn,35.16,Review (Flagged for Double Check)
processed_1938-7.png,4.28.1号机OK/7/processed_1938-7.png,sn,39.07,Review (Flagged for Double Check)
processed_1912-7.png,4.28.1号机OK/7/processed_1912-7.png,sn,20.16,Review (Flagged for Double Check)
processed_1767-7.png,4.28.1号机OK/7/processed_1767-7.png,sn,42.25,Review (Flagged for Double Check)
processed_1730-7.png,4.28.1号机OK/7/processed_1730-7.png,sn,57.48,Review (Flagged for Double Check)
processed_1913-7.png,4.28.1号机OK/7/processed_1913-7.png,sn,14.84,Review (Flagged for Double Check)
processed_1763-7.png,4.28.1号机OK/7/processed_1763-7.png,o,99.35,Pass (Confirmed OK)
processed_1799-7.png,4.28.1号机OK/7/processed_1799-7.png,sn,67.61,Review (Flagged for Double Check)
processed_1765-7.png,4.28.1号机OK/7/processed_1765-7.png,mn,33.7,Review (Flagged for Double Check)
processed_1929-7.png,4.28.1号机OK/7/processed_1929-7.png,sn,65.3,Review (Flagged for Double Check)
processed_1761-7.png,4.28.1号机OK/7/processed_1761-7.png,sn,40.87,Review (Flagged for Double Check)
processed_1932-7.png,4.28.1号机OK/7/processed_1932-7.png,sn,18.41,Review (Flagged for Double Check)
processed_1789-7.png,4.28.1号机OK/7/processed_1789-7.png,o,99.97,Pass (Confirmed OK)
processed_1725-7.png,4.28.1号机OK/7/processed_1725-7.png,sn,40.75,Review (Flagged for Double Check)
processed_1930-7.png,4.28.1号机OK/7/processed_1930-7.png,sn,36.88,Review (Flagged for Double Check)
processed_1766-7.png,4.28.1号机OK/7/processed_1766-7.png,sn,19.99,Review (Flagged for Double Check)
processed_1796-7.png,4.28.1号机OK/7/processed_1796-7.png,o,98.65,Pass (Confirmed OK)
processed_1749-7.png,4.28.1号机OK/7/processed_1749-7.png,sn,37.86,Review (Flagged for Double Check)
processed_1724-7.png,4.28.1号机OK/7/processed_1724-7.png,o,95.84,Pass (Confirmed OK)
processed_1760-7.png,4.28.1号机OK/7/processed_1760-7.png,sn,53.55,Review (Flagged for Double Check)
processed_1723-7.png,4.28.1号机OK/7/processed_1723-7.png,sn,49.52,Review (Flagged for Double Check)
processed_1774-3.png,4.28.1号机OK/3/processed_1774-3.png,sn,58.73,Review (Flagged for Double Check)
processed_1794-3.png,4.28.1号机OK/3/processed_1794-3.png,sn,37.14,Review (Flagged for Double Check)
processed_1740-3.png,4.28.1号机OK/3/processed_1740-3.png,sn,62.95,Review (Flagged for Double Check)
processed_1933-3.png,4.28.1号机OK/3/processed_1933-3.png,sn,66.26,Review (Flagged for Double Check)
processed_1938-3.png,4.28.1号机OK/3/processed_1938-3.png,sn,26.79,Review (Flagged for Double Check)
processed_1756-3.png,4.28.1号机OK/3/processed_1756-3.png,sn,41.57,Review (Flagged for Double Check)
processed_1793-3.png,4.28.1号机OK/3/processed_1793-3.png,sf,81.66,Review (Flagged for Double Check)
processed_1786-3.png,4.28.1号机OK/3/processed_1786-3.png,sf,61.62,Review (Flagged for Double Check)
processed_1939-3.png,4.28.1号机OK/3/processed_1939-3.png,sn,43.73,Review (Flagged for Double Check)
processed_1759-3.png,4.28.1号机OK/3/processed_1759-3.png,sn,45.99,Review (Flagged for Double Check)
processed_1741-3.png,4.28.1号机OK/3/processed_1741-3.png,sn,38.13,Review (Flagged for Double Check)
processed_1918-3.png,4.28.1号机OK/3/processed_1918-3.png,sn,57.27,Review (Flagged for Double Check)
processed_1936-3.png,4.28.1号机OK/3/processed_1936-3.png,sn,41.0,Review (Flagged for Double Check)
processed_1748-3.png,4.28.1号机OK/3/processed_1748-3.png,sn,42.07,Review (Flagged for Double Check)
processed_1934-3.png,4.28.1号机OK/3/processed_1934-3.png,sn,64.32,Review (Flagged for Double Check)
processed_1942-3.png,4.28.1号机OK/3/processed_1942-3.png,sf,71.84,Review (Flagged for Double Check)
processed_1746-3.png,4.28.1号机OK/3/processed_1746-3.png,sf,74.31,Review (Flagged for Double Check)
processed_1726-3.png,4.28.1号机OK/3/processed_1726-3.png,sn,47.64,Review (Flagged for Double Check)
processed_1925-3.png,4.28.1号机OK/3/processed_1925-3.png,sn,64.36,Review (Flagged for Double Check)
processed_1762-3.png,4.28.1号机OK/3/processed_1762-3.png,sn,56.33,Review (Flagged for Double Check)
processed_1744-3.png,4.28.1号机OK/3/processed_1744-3.png,sf,42.73,Review (Flagged for Double Check)
processed_1771-3.png,4.28.1号机OK/3/processed_1771-3.png,sn,14.64,Review (Flagged for Double Check)
processed_1912-3.png,4.28.1号机OK/3/processed_1912-3.png,sn,42.37,Review (Flagged for Double Check)
processed_1735-3.png,4.28.1号机OK/3/processed_1735-3.png,sn,57.78,Review (Flagged for Double Check)
processed_1765-3.png,4.28.1号机OK/3/processed_1765-3.png,sn,14.32,Review (Flagged for Double Check)
processed_1729-3.png,4.28.1号机OK/3/processed_1729-3.png,sn,29.36,Review (Flagged for Double Check)
processed_1927-3.png,4.28.1号机OK/3/processed_1927-3.png,sn,58.83,Review (Flagged for Double Check)
processed_1785-3.png,4.28.1号机OK/3/processed_1785-3.png,sn,52.9,Review (Flagged for Double Check)
processed_1751-3.png,4.28.1号机OK/3/processed_1751-3.png,sf,54.22,Review (Flagged for Double Check)
processed_1917-3.png,4.28.1号机OK/3/processed_1917-3.png,sn,43.02,Review (Flagged for Double Check)
processed_1733-3.png,4.28.1号机OK/3/processed_1733-3.png,sn,50.14,Review (Flagged for Double Check)
processed_1772-3.png,4.28.1号机OK/3/processed_1772-3.png,sn,60.56,Review (Flagged for Double Check)
processed_1724-3.png,4.28.1号机OK/3/processed_1724-3.png,sn,51.06,Review (Flagged for Double Check)
processed_1745-3.png,4.28.1号机OK/3/processed_1745-3.png,sf,95.7,Review (Flagged for Double Check)
processed_1760-3.png,4.28.1号机OK/3/processed_1760-3.png,sf,40.09,Review (Flagged for Double Check)
processed_1791-3.png,4.28.1号机OK/3/processed_1791-3.png,sn,51.31,Review (Flagged for Double Check)
processed_1921-3.png,4.28.1号机OK/3/processed_1921-3.png,sn,57.25,Review (Flagged for Double Check)
processed_1932-3.png,4.28.1号机OK/3/processed_1932-3.png,sn,46.22,Review (Flagged for Double Check)
processed_1928-3.png,4.28.1号机OK/3/processed_1928-3.png,sn,17.28,Review (Flagged for Double Check)
processed_1752-3.png,4.28.1号机OK/3/processed_1752-3.png,sn,36.13,Review (Flagged for Double Check)
processed_1775-3.png,4.28.1号机OK/3/processed_1775-3.png,sn,60.08,Review (Flagged for Double Check)
processed_1789-3.png,4.28.1号机OK/3/processed_1789-3.png,sn,48.81,Review (Flagged for Double Check)
processed_1778-3.png,4.28.1号机OK/3/processed_1778-3.png,sn,45.48,Review (Flagged for Double Check)
processed_1943-3.png,4.28.1号机OK/3/processed_1943-3.png,sf,34.91,Review (Flagged for Double Check)
processed_1930-3.png,4.28.1号机OK/3/processed_1930-3.png,sn,48.92,Review (Flagged for Double Check)
processed_1911-3.png,4.28.1号机OK/3/processed_1911-3.png,sn,52.34,Review (Flagged for Double Check)
processed_1788-3.png,4.28.1号机OK/3/processed_1788-3.png,sn,53.26,Review (Flagged for Double Check)
processed_1757-3.png,4.28.1号机OK/3/processed_1757-3.png,sn,56.9,Review (Flagged for Double Check)
processed_1739-3.png,4.28.1号机OK/3/processed_1739-3.png,sn,45.94,Review (Flagged for Double Check)
processed_1754-3.png,4.28.1号机OK/3/processed_1754-3.png,sn,47.55,Review (Flagged for Double Check)
processed_1924-3.png,4.28.1号机OK/3/processed_1924-3.png,sn,51.0,Review (Flagged for Double Check)
processed_1755-3.png,4.28.1号机OK/3/processed_1755-3.png,sn,52.78,Review (Flagged for Double Check)
processed_1742-3.png,4.28.1号机OK/3/processed_1742-3.png,sn,57.71,Review (Flagged for Double Check)
processed_1732-3.png,4.28.1号机OK/3/processed_1732-3.png,sn,56.13,Review (Flagged for Double Check)
processed_1766-3.png,4.28.1号机OK/3/processed_1766-3.png,sn,52.08,Review (Flagged for Double Check)
processed_1780-3.png,4.28.1号机OK/3/processed_1780-3.png,sn,32.15,Review (Flagged for Double Check)
processed_1922-3.png,4.28.1号机OK/3/processed_1922-3.png,sn,40.84,Review (Flagged for Double Check)
processed_1782-3.png,4.28.1号机OK/3/processed_1782-3.png,sn,30.17,Review (Flagged for Double Check)
processed_1935-3.png,4.28.1号机OK/3/processed_1935-3.png,sn,67.14,Review (Flagged for Double Check)
processed_1764-3.png,4.28.1号机OK/3/processed_1764-3.png,sn,53.28,Review (Flagged for Double Check)
processed_1737-3.png,4.28.1号机OK/3/processed_1737-3.png,sn,57.07,Review (Flagged for Double Check)
processed_1795-3.png,4.28.1号机OK/3/processed_1795-3.png,sn,43.72,Review (Flagged for Double Check)
processed_1773-3.png,4.28.1号机OK/3/processed_1773-3.png,sn,73.05,Review (Flagged for Double Check)
processed_1736-3.png,4.28.1号机OK/3/processed_1736-3.png,sn,54.22,Review (Flagged for Double Check)
processed_1761-3.png,4.28.1号机OK/3/processed_1761-3.png,sn,25.4,Review (Flagged for Double Check)
processed_1777-3.png,4.28.1号机OK/3/processed_1777-3.png,sn,25.29,Review (Flagged for Double Check)
processed_1776-3.png,4.28.1号机OK/3/processed_1776-3.png,sn,68.91,Review (Flagged for Double Check)
processed_1931-3.png,4.28.1号机OK/3/processed_1931-3.png,sn,58.26,Review (Flagged for Double Check)
processed_1734-3.png,4.28.1号机OK/3/processed_1734-3.png,sn,32.28,Review (Flagged for Double Check)
processed_1941-3.png,4.28.1号机OK/3/processed_1941-3.png,sn,36.34,Review (Flagged for Double Check)
processed_1725-3.png,4.28.1号机OK/3/processed_1725-3.png,sn,46.56,Review (Flagged for Double Check)
processed_1738-3.png,4.28.1号机OK/3/processed_1738-3.png,sn,66.42,Review (Flagged for Double Check)
processed_1730-3.png,4.28.1号机OK/3/processed_1730-3.png,sn,68.09,Review (Flagged for Double Check)
processed_1796-3.png,4.28.1号机OK/3/processed_1796-3.png,sf,44.32,Review (Flagged for Double Check)
processed_1743-3.png,4.28.1号机OK/3/processed_1743-3.png,sn,59.59,Review (Flagged for Double Check)
processed_1937-3.png,4.28.1号机OK/3/processed_1937-3.png,sn,58.36,Review (Flagged for Double Check)
processed_1723-3.png,4.28.1号机OK/3/processed_1723-3.png,sn,55.06,Review (Flagged for Double Check)
processed_1727-3.png,4.28.1号机OK/3/processed_1727-3.png,sn,61.12,Review (Flagged for Double Check)
processed_1923-3.png,4.28.1号机OK/3/processed_1923-3.png,sn,65.07,Review (Flagged for Double Check)
processed_1799-3.png,4.28.1号机OK/3/processed_1799-3.png,sn,29.19,Review (Flagged for Double Check)
processed_1929-3.png,4.28.1号机OK/3/processed_1929-3.png,sn,66.01,Review (Flagged for Double Check)
processed_1797-3.png,4.28.1号机OK/3/processed_1797-3.png,sf,36.71,Review (Flagged for Double Check)
processed_1784-3.png,4.28.1号机OK/3/processed_1784-3.png,sn,40.8,Review (Flagged for Double Check)
processed_1769-3.png,4.28.1号机OK/3/processed_1769-3.png,sf,49.24,Review (Flagged for Double Check)
processed_1750-3.png,4.28.1号机OK/3/processed_1750-3.png,sn,57.46,Review (Flagged for Double Check)
processed_1749-3.png,4.28.1号机OK/3/processed_1749-3.png,sn,63.61,Review (Flagged for Double Check)
processed_1915-3.png,4.28.1号机OK/3/processed_1915-3.png,sn,51.93,Review (Flagged for Double Check)
processed_1768-3.png,4.28.1号机OK/3/processed_1768-3.png,sf,39.56,Review (Flagged for Double Check)
processed_1731-3.png,4.28.1号机OK/3/processed_1731-3.png,sn,65.01,Review (Flagged for Double Check)
processed_1919-3.png,4.28.1号机OK/3/processed_1919-3.png,sn,62.32,Review (Flagged for Double Check)
processed_1790-3.png,4.28.1号机OK/3/processed_1790-3.png,sn,36.45,Review (Flagged for Double Check)
processed_1753-3.png,4.28.1号机OK/3/processed_1753-3.png,sf,92.97,Review (Flagged for Double Check)
processed_1926-3.png,4.28.1号机OK/3/processed_1926-3.png,sn,57.93,Review (Flagged for Double Check)
processed_1792-3.png,4.28.1号机OK/3/processed_1792-3.png,sn,37.53,Review (Flagged for Double Check)
processed_1763-3.png,4.28.1号机OK/3/processed_1763-3.png,sn,52.78,Review (Flagged for Double Check)
processed_1779-3.png,4.28.1号机OK/3/processed_1779-3.png,o,93.79,Pass (Confirmed OK)
processed_1798-3.png,4.28.1号机OK/3/processed_1798-3.png,sf,41.76,Review (Flagged for Double Check)
processed_1913-3.png,4.28.1号机OK/3/processed_1913-3.png,sn,11.13,Review (Flagged for Double Check)
processed_1758-3.png,4.28.1号机OK/3/processed_1758-3.png,sf,96.28,Review (Flagged for Double Check)
processed_1909-3.png,4.28.1号机OK/3/processed_1909-3.png,sn,39.84,Review (Flagged for Double Check)
processed_1728-3.png,4.28.1号机OK/3/processed_1728-3.png,sn,54.06,Review (Flagged for Double Check)
processed_1908-3.png,4.28.1号机OK/3/processed_1908-3.png,sn,26.5,Review (Flagged for Double Check)
processed_1767-3.png,4.28.1号机OK/3/processed_1767-3.png,sn,57.58,Review (Flagged for Double Check)
processed_1940-3.png,4.28.1号机OK/3/processed_1940-3.png,sf,40.99,Review (Flagged for Double Check)
processed_1920-3.png,4.28.1号机OK/3/processed_1920-3.png,sn,61.82,Review (Flagged for Double Check)
processed_1916-3.png,4.28.1号机OK/3/processed_1916-3.png,sn,13.1,Review (Flagged for Double Check)
processed_1910-3.png,4.28.1号机OK/3/processed_1910-3.png,sf,38.05,Review (Flagged for Double Check)
processed_1781-3.png,4.28.1号机OK/3/processed_1781-3.png,sn,32.24,Review (Flagged for Double Check)
processed_1770-3.png,4.28.1号机OK/3/processed_1770-3.png,sn,58.53,Review (Flagged for Double Check)
processed_1747-3.png,4.28.1号机OK/3/processed_1747-3.png,sn,44.76,Review (Flagged for Double Check)
processed_1783-3.png,4.28.1号机OK/3/processed_1783-3.png,sn,53.55,Review (Flagged for Double Check)
processed_1781-1.png,4.28.1号机OK/1/processed_1781-1.png,sn,14.7,Review (Flagged for Double Check)
processed_1748-1.png,4.28.1号机OK/1/processed_1748-1.png,sn,49.18,Review (Flagged for Double Check)
processed_1732-1.png,4.28.1号机OK/1/processed_1732-1.png,sn,11.84,Review (Flagged for Double Check)
processed_1728-1.png,4.28.1号机OK/1/processed_1728-1.png,sn,55.71,Review (Flagged for Double Check)
processed_1927-1.png,4.28.1号机OK/1/processed_1927-1.png,sn,12.98,Review (Flagged for Double Check)
processed_1738-1.png,4.28.1号机OK/1/processed_1738-1.png,sn,18.57,Review (Flagged for Double Check)
processed_1727-1.png,4.28.1号机OK/1/processed_1727-1.png,sn,49.07,Review (Flagged for Double Check)
processed_1771-1.png,4.28.1号机OK/1/processed_1771-1.png,sn,58.34,Review (Flagged for Double Check)
processed_1923-1.png,4.28.1号机OK/1/processed_1923-1.png,sn,59.74,Review (Flagged for Double Check)
processed_1920-1.png,4.28.1号机OK/1/processed_1920-1.png,sn,31.05,Review (Flagged for Double Check)
processed_1753-1.png,4.28.1号机OK/1/processed_1753-1.png,sn,13.45,Review (Flagged for Double Check)
processed_1760-1.png,4.28.1号机OK/1/processed_1760-1.png,sn,62.17,Review (Flagged for Double Check)
processed_1744-1.png,4.28.1号机OK/1/processed_1744-1.png,sn,49.02,Review (Flagged for Double Check)
processed_1911-1.png,4.28.1号机OK/1/processed_1911-1.png,sn,53.19,Review (Flagged for Double Check)
processed_1795-1.png,4.28.1号机OK/1/processed_1795-1.png,sn,11.09,Review (Flagged for Double Check)
processed_1725-1.png,4.28.1号机OK/1/processed_1725-1.png,sn,54.87,Review (Flagged for Double Check)
processed_1929-1.png,4.28.1号机OK/1/processed_1929-1.png,sn,57.63,Review (Flagged for Double Check)
processed_1933-1.png,4.28.1号机OK/1/processed_1933-1.png,sn,50.82,Review (Flagged for Double Check)
processed_1931-1.png,4.28.1号机OK/1/processed_1931-1.png,sn,32.14,Review (Flagged for Double Check)
processed_1792-1.png,4.28.1号机OK/1/processed_1792-1.png,sn,19.04,Review (Flagged for Double Check)
processed_1752-1.png,4.28.1号机OK/1/processed_1752-1.png,sn,58.03,Review (Flagged for Double Check)
processed_1921-1.png,4.28.1号机OK/1/processed_1921-1.png,sn,33.03,Review (Flagged for Double Check)
processed_1741-1.png,4.28.1号机OK/1/processed_1741-1.png,sn,66.97,Review (Flagged for Double Check)
processed_1786-1.png,4.28.1号机OK/1/processed_1786-1.png,sn,24.28,Review (Flagged for Double Check)
processed_1791-1.png,4.28.1号机OK/1/processed_1791-1.png,sn,13.99,Review (Flagged for Double Check)
processed_1943-1.png,4.28.1号机OK/1/processed_1943-1.png,sn,12.36,Review (Flagged for Double Check)
processed_1782-1.png,4.28.1号机OK/1/processed_1782-1.png,o,95.11,Pass (Confirmed OK)
processed_1763-1.png,4.28.1号机OK/1/processed_1763-1.png,sn,16.54,Review (Flagged for Double Check)
processed_1924-1.png,4.28.1号机OK/1/processed_1924-1.png,o,92.63,Pass (Confirmed OK)
processed_1747-1.png,4.28.1号机OK/1/processed_1747-1.png,sn,39.45,Review (Flagged for Double Check)
processed_1734-1.png,4.28.1号机OK/1/processed_1734-1.png,o,92.98,Pass (Confirmed OK)
processed_1937-1.png,4.28.1号机OK/1/processed_1937-1.png,sn,20.16,Review (Flagged for Double Check)
processed_1750-1.png,4.28.1号机OK/1/processed_1750-1.png,sn,59.36,Review (Flagged for Double Check)
processed_1939-1.png,4.28.1号机OK/1/processed_1939-1.png,sn,23.55,Review (Flagged for Double Check)
processed_1735-1.png,4.28.1号机OK/1/processed_1735-1.png,o,94.53,Pass (Confirmed OK)
processed_1737-1.png,4.28.1号机OK/1/processed_1737-1.png,o,96.15,Pass (Confirmed OK)
processed_1768-1.png,4.28.1号机OK/1/processed_1768-1.png,o,95.13,Pass (Confirmed OK)
processed_1779-1.png,4.28.1号机OK/1/processed_1779-1.png,sn,51.16,Review (Flagged for Double Check)
processed_1726-1.png,4.28.1号机OK/1/processed_1726-1.png,o,99.46,Pass (Confirmed OK)
processed_1751-1.png,4.28.1号机OK/1/processed_1751-1.png,sn,16.06,Review (Flagged for Double Check)
processed_1765-1.png,4.28.1号机OK/1/processed_1765-1.png,sn,58.57,Review (Flagged for Double Check)
processed_1794-1.png,4.28.1号机OK/1/processed_1794-1.png,o,93.61,Pass (Confirmed OK)
processed_1742-1.png,4.28.1号机OK/1/processed_1742-1.png,sn,28.46,Review (Flagged for Double Check)
processed_1764-1.png,4.28.1号机OK/1/processed_1764-1.png,sn,76.31,Review (Flagged for Double Check)
processed_1736-1.png,4.28.1号机OK/1/processed_1736-1.png,sn,18.44,Review (Flagged for Double Check)
processed_1723-1.png,4.28.1号机OK/1/processed_1723-1.png,sn,35.81,Review (Flagged for Double Check)
processed_1756-1.png,4.28.1号机OK/1/processed_1756-1.png,sn,36.98,Review (Flagged for Double Check)
processed_1922-1.png,4.28.1号机OK/1/processed_1922-1.png,sn,12.4,Review (Flagged for Double Check)
processed_1934-1.png,4.28.1号机OK/1/processed_1934-1.png,sn,36.08,Review (Flagged for Double Check)
processed_1729-1.png,4.28.1号机OK/1/processed_1729-1.png,sn,31.28,Review (Flagged for Double Check)
processed_1770-1.png,4.28.1号机OK/1/processed_1770-1.png,sn,18.58,Review (Flagged for Double Check)
processed_1930-1.png,4.28.1号机OK/1/processed_1930-1.png,sn,20.47,Review (Flagged for Double Check)
processed_1938-1.png,4.28.1号机OK/1/processed_1938-1.png,sn,11.35,Review (Flagged for Double Check)
processed_1915-1.png,4.28.1号机OK/1/processed_1915-1.png,sn,50.36,Review (Flagged for Double Check)
processed_1762-1.png,4.28.1号机OK/1/processed_1762-1.png,sn,49.8,Review (Flagged for Double Check)
processed_1761-1.png,4.28.1号机OK/1/processed_1761-1.png,sn,53.8,Review (Flagged for Double Check)
processed_1769-1.png,4.28.1号机OK/1/processed_1769-1.png,sn,49.41,Review (Flagged for Double Check)
processed_1799-1.png,4.28.1号机OK/1/processed_1799-1.png,sn,58.04,Review (Flagged for Double Check)
processed_1783-1.png,4.28.1号机OK/1/processed_1783-1.png,o,99.95,Pass (Confirmed OK)
processed_1941-1.png,4.28.1号机OK/1/processed_1941-1.png,o,94.63,Pass (Confirmed OK)
processed_1749-1.png,4.28.1号机OK/1/processed_1749-1.png,sn,46.73,Review (Flagged for Double Check)
processed_1772-1.png,4.28.1号机OK/1/processed_1772-1.png,o,98.66,Pass (Confirmed OK)
processed_1926-1.png,4.28.1号机OK/1/processed_1926-1.png,sn,34.54,Review (Flagged for Double Check)
processed_1731-1.png,4.28.1号机OK/1/processed_1731-1.png,sn,34.6,Review (Flagged for Double Check)
processed_1909-1.png,4.28.1号机OK/1/processed_1909-1.png,sn,20.07,Review (Flagged for Double Check)
processed_1798-1.png,4.28.1号机OK/1/processed_1798-1.png,o,97.54,Pass (Confirmed OK)
processed_1925-1.png,4.28.1号机OK/1/processed_1925-1.png,sn,26.19,Review (Flagged for Double Check)
processed_1788-1.png,4.28.1号机OK/1/processed_1788-1.png,o,98.0,Pass (Confirmed OK)
processed_1910-1.png,4.28.1号机OK/1/processed_1910-1.png,sn,20.96,Review (Flagged for Double Check)
processed_1913-1.png,4.28.1号机OK/1/processed_1913-1.png,o,94.25,Pass (Confirmed OK)
processed_1745-1.png,4.28.1号机OK/1/processed_1745-1.png,sn,36.39,Review (Flagged for Double Check)
processed_1940-1.png,4.28.1号机OK/1/processed_1940-1.png,sn,37.34,Review (Flagged for Double Check)
processed_1758-1.png,4.28.1号机OK/1/processed_1758-1.png,sn,44.78,Review (Flagged for Double Check)
processed_1796-1.png,4.28.1号机OK/1/processed_1796-1.png,o,96.12,Pass (Confirmed OK)
processed_1928-1.png,4.28.1号机OK/1/processed_1928-1.png,sn,33.9,Review (Flagged for Double Check)
processed_1918-1.png,4.28.1号机OK/1/processed_1918-1.png,sn,28.4,Review (Flagged for Double Check)
processed_1739-1.png,4.28.1号机OK/1/processed_1739-1.png,o,94.35,Pass (Confirmed OK)
processed_1775-1.png,4.28.1号机OK/1/processed_1775-1.png,sn,53.87,Review (Flagged for Double Check)
processed_1740-1.png,4.28.1号机OK/1/processed_1740-1.png,sn,30.47,Review (Flagged for Double Check)
processed_1754-1.png,4.28.1号机OK/1/processed_1754-1.png,sn,54.53,Review (Flagged for Double Check)
processed_1932-1.png,4.28.1号机OK/1/processed_1932-1.png,sn,25.56,Review (Flagged for Double Check)
processed_1912-1.png,4.28.1号机OK/1/processed_1912-1.png,sn,34.18,Review (Flagged for Double Check)
processed_1774-1.png,4.28.1号机OK/1/processed_1774-1.png,o,97.54,Pass (Confirmed OK)
processed_1935-1.png,4.28.1号机OK/1/processed_1935-1.png,sn,42.49,Review (Flagged for Double Check)
processed_1793-1.png,4.28.1号机OK/1/processed_1793-1.png,o,97.54,Pass (Confirmed OK)
processed_1733-1.png,4.28.1号机OK/1/processed_1733-1.png,sn,13.89,Review (Flagged for Double Check)
processed_1908-1.png,4.28.1号机OK/1/processed_1908-1.png,sn,43.66,Review (Flagged for Double Check)
processed_1780-1.png,4.28.1号机OK/1/processed_1780-1.png,sn,57.79,Review (Flagged for Double Check)
processed_1757-1.png,4.28.1号机OK/1/processed_1757-1.png,sn,57.81,Review (Flagged for Double Check)
processed_1790-1.png,4.28.1号机OK/1/processed_1790-1.png,sn,26.04,Review (Flagged for Double Check)
processed_1942-1.png,4.28.1号机OK/1/processed_1942-1.png,sn,10.53,Review (Flagged for Double Check)
processed_1919-1.png,4.28.1号机OK/1/processed_1919-1.png,sn,56.78,Review (Flagged for Double Check)
processed_1766-1.png,4.28.1号机OK/1/processed_1766-1.png,sn,18.35,Review (Flagged for Double Check)
processed_1785-1.png,4.28.1号机OK/1/processed_1785-1.png,sn,48.36,Review (Flagged for Double Check)
processed_1724-1.png,4.28.1号机OK/1/processed_1724-1.png,o,99.4,Pass (Confirmed OK)
processed_1730-1.png,4.28.1号机OK/1/processed_1730-1.png,sn,57.18,Review (Flagged for Double Check)
processed_1776-1.png,4.28.1号机OK/1/processed_1776-1.png,sn,62.4,Review (Flagged for Double Check)
processed_1773-1.png,4.28.1号机OK/1/processed_1773-1.png,sn,18.04,Review (Flagged for Double Check)
processed_1936-1.png,4.28.1号机OK/1/processed_1936-1.png,sn,60.2,Review (Flagged for Double Check)
processed_1917-1.png,4.28.1号机OK/1/processed_1917-1.png,sn,64.1,Review (Flagged for Double Check)
processed_1778-1.png,4.28.1号机OK/1/processed_1778-1.png,sn,67.92,Review (Flagged for Double Check)
processed_1767-1.png,4.28.1号机OK/1/processed_1767-1.png,sn,70.42,Review (Flagged for Double Check)
processed_1755-1.png,4.28.1号机OK/1/processed_1755-1.png,sn,38.11,Review (Flagged for Double Check)
processed_1916-1.png,4.28.1号机OK/1/processed_1916-1.png,sn,16.74,Review (Flagged for Double Check)
processed_1789-1.png,4.28.1号机OK/1/processed_1789-1.png,o,99.22,Pass (Confirmed OK)
processed_1777-1.png,4.28.1号机OK/1/processed_1777-1.png,sn,49.64,Review (Flagged for Double Check)
processed_1759-1.png,4.28.1号机OK/1/processed_1759-1.png,sn,30.81,Review (Flagged for Double Check)
processed_1746-1.png,4.28.1号机OK/1/processed_1746-1.png,sn,40.11,Review (Flagged for Double Check)
processed_1784-1.png,4.28.1号机OK/1/processed_1784-1.png,o,98.97,Pass (Confirmed OK)
processed_1743-1.png,4.28.1号机OK/1/processed_1743-1.png,sn,23.91,Review (Flagged for Double Check)
processed_1797-1.png,4.28.1号机OK/1/processed_1797-1.png,o,96.01,Pass (Confirmed OK)
processed_1950-5.png,4.28.1号机加5mm高度/5/processed_1950-5.png,sf,85.29,Review (Flagged for Double Check)
processed_1946-5.png,4.28.1号机加5mm高度/5/processed_1946-5.png,sf,99.4,Review (Flagged for Double Check)
processed_1945-5.png,4.28.1号机加5mm高度/5/processed_1945-5.png,sf,76.78,Review (Flagged for Double Check)
processed_1954-5.png,4.28.1号机加5mm高度/5/processed_1954-5.png,sf,94.53,Review (Flagged for Double Check)
processed_1951-5.png,4.28.1号机加5mm高度/5/processed_1951-5.png,sf,15.55,Review (Flagged for Double Check)
processed_1952-5.png,4.28.1号机加5mm高度/5/processed_1952-5.png,sf,31.36,Review (Flagged for Double Check)
processed_1947-5.png,4.28.1号机加5mm高度/5/processed_1947-5.png,sf,31.6,Review (Flagged for Double Check)
processed_1953-5.png,4.28.1号机加5mm高度/5/processed_1953-5.png,sf,35.69,Review (Flagged for Double Check)
processed_1944-5.png,4.28.1号机加5mm高度/5/processed_1944-5.png,o,99.42,Pass (Confirmed OK)
processed_1948-5.png,4.28.1号机加5mm高度/5/processed_1948-5.png,xf,45.66,Review (Flagged for Double Check)
processed_1945-9.png,4.28.1号机加5mm高度/9/processed_1945-9.png,sn,50.42,Review (Flagged for Double Check)
processed_1947-9.png,4.28.1号机加5mm高度/9/processed_1947-9.png,sn,65.54,Review (Flagged for Double Check)
processed_1944-9.png,4.28.1号机加5mm高度/9/processed_1944-9.png,sn,45.33,Review (Flagged for Double Check)
processed_1948-9.png,4.28.1号机加5mm高度/9/processed_1948-9.png,sn,27.96,Review (Flagged for Double Check)
processed_1952-9.png,4.28.1号机加5mm高度/9/processed_1952-9.png,sn,33.19,Review (Flagged for Double Check)
processed_1954-9.png,4.28.1号机加5mm高度/9/processed_1954-9.png,sf,14.73,Review (Flagged for Double Check)
processed_1951-9.png,4.28.1号机加5mm高度/9/processed_1951-9.png,sn,54.78,Review (Flagged for Double Check)
processed_1950-9.png,4.28.1号机加5mm高度/9/processed_1950-9.png,sn,38.13,Review (Flagged for Double Check)
processed_1946-9.png,4.28.1号机加5mm高度/9/processed_1946-9.png,sn,35.78,Review (Flagged for Double Check)
processed_1953-9.png,4.28.1号机加5mm高度/9/processed_1953-9.png,o,93.72,Pass (Confirmed OK)
processed_1951-7.png,4.28.1号机加5mm高度/7/processed_1951-7.png,sn,33.05,Review (Flagged for Double Check)
processed_1952-7.png,4.28.1号机加5mm高度/7/processed_1952-7.png,sn,12.26,Review (Flagged for Double Check)
processed_1954-7.png,4.28.1号机加5mm高度/7/processed_1954-7.png,o,99.53,Pass (Confirmed OK)
processed_1950-7.png,4.28.1号机加5mm高度/7/processed_1950-7.png,o,98.22,Pass (Confirmed OK)
processed_1946-7.png,4.28.1号机加5mm高度/7/processed_1946-7.png,o,98.78,Pass (Confirmed OK)
processed_1944-7.png,4.28.1号机加5mm高度/7/processed_1944-7.png,sn,76.02,Review (Flagged for Double Check)
processed_1947-7.png,4.28.1号机加5mm高度/7/processed_1947-7.png,o,97.91,Pass (Confirmed OK)
processed_1953-7.png,4.28.1号机加5mm高度/7/processed_1953-7.png,sn,23.71,Review (Flagged for Double Check)
processed_1948-7.png,4.28.1号机加5mm高度/7/processed_1948-7.png,o,96.59,Pass (Confirmed OK)
processed_1945-7.png,4.28.1号机加5mm高度/7/processed_1945-7.png,sn,26.95,Review (Flagged for Double Check)
processed_1952-3.png,4.28.1号机加5mm高度/3/processed_1952-3.png,sn,43.06,Review (Flagged for Double Check)
processed_1945-3.png,4.28.1号机加5mm高度/3/processed_1945-3.png,sn,57.81,Review (Flagged for Double Check)
processed_1946-3.png,4.28.1号机加5mm高度/3/processed_1946-3.png,sn,53.66,Review (Flagged for Double Check)
processed_1950-3.png,4.28.1号机加5mm高度/3/processed_1950-3.png,sn,53.88,Review (Flagged for Double Check)
processed_1954-3.png,4.28.1号机加5mm高度/3/processed_1954-3.png,sf,63.67,Review (Flagged for Double Check)
processed_1947-3.png,4.28.1号机加5mm高度/3/processed_1947-3.png,sn,14.86,Review (Flagged for Double Check)
processed_1948-3.png,4.28.1号机加5mm高度/3/processed_1948-3.png,sf,71.07,Review (Flagged for Double Check)
processed_1951-3.png,4.28.1号机加5mm高度/3/processed_1951-3.png,sn,53.82,Review (Flagged for Double Check)
processed_1944-3.png,4.28.1号机加5mm高度/3/processed_1944-3.png,mn,48.52,Review (Flagged for Double Check)
processed_1953-3.png,4.28.1号机加5mm高度/3/processed_1953-3.png,sf,94.49,Review (Flagged for Double Check)
processed_1944-1.png,4.28.1号机加5mm高度/1/processed_1944-1.png,sn,13.39,Review (Flagged for Double Check)
processed_1952-1.png,4.28.1号机加5mm高度/1/processed_1952-1.png,sn,26.63,Review (Flagged for Double Check)
processed_1948-1.png,4.28.1号机加5mm高度/1/processed_1948-1.png,sn,10.62,Review (Flagged for Double Check)
processed_1945-1.png,4.28.1号机加5mm高度/1/processed_1945-1.png,o,97.44,Pass (Confirmed OK)
processed_1951-1.png,4.28.1号机加5mm高度/1/processed_1951-1.png,o,96.52,Pass (Confirmed OK)
processed_1954-1.png,4.28.1号机加5mm高度/1/processed_1954-1.png,sn,34.27,Review (Flagged for Double Check)
processed_1953-1.png,4.28.1号机加5mm高度/1/processed_1953-1.png,sn,32.78,Review (Flagged for Double Check)
processed_1947-1.png,4.28.1号机加5mm高度/1/processed_1947-1.png,o,94.47,Pass (Confirmed OK)
processed_1946-1.png,4.28.1号机加5mm高度/1/processed_1946-1.png,o,97.39,Pass (Confirmed OK)
processed_1950-1.png,4.28.1号机加5mm高度/1/processed_1950-1.png,sn,49.24,Review (Flagged for Double Check)
processed_1873-5.png,4.28.2号机OK/5/processed_1873-5.png,sf,51.89,Review (Flagged for Double Check)
processed_1907-5.png,4.28.2号机OK/5/processed_1907-5.png,o,97.44,Pass (Confirmed OK)
processed_1904-5.png,4.28.2号机OK/5/processed_1904-5.png,o,91.96,Pass (Confirmed OK)
processed_1872-5.png,4.28.2号机OK/5/processed_1872-5.png,o,91.89,Pass (Confirmed OK)
processed_1880-5.png,4.28.2号机OK/5/processed_1880-5.png,o,99.02,Pass (Confirmed OK)
processed_1887-5.png,4.28.2号机OK/5/processed_1887-5.png,o,99.93,Pass (Confirmed OK)
processed_1889-5.png,4.28.2号机OK/5/processed_1889-5.png,o,99.97,Pass (Confirmed OK)
processed_1905-5.png,4.28.2号机OK/5/processed_1905-5.png,o,99.16,Pass (Confirmed OK)
processed_1878-5.png,4.28.2号机OK/5/processed_1878-5.png,o,90.88,Pass (Confirmed OK)
processed_1894-5.png,4.28.2号机OK/5/processed_1894-5.png,o,99.53,Pass (Confirmed OK)
processed_1888-5.png,4.28.2号机OK/5/processed_1888-5.png,o,99.33,Pass (Confirmed OK)
processed_1881-5.png,4.28.2号机OK/5/processed_1881-5.png,o,98.77,Pass (Confirmed OK)
processed_1885-5.png,4.28.2号机OK/5/processed_1885-5.png,o,96.95,Pass (Confirmed OK)
processed_1895-5.png,4.28.2号机OK/5/processed_1895-5.png,o,99.85,Pass (Confirmed OK)
processed_1900-5.png,4.28.2号机OK/5/processed_1900-5.png,o,99.57,Pass (Confirmed OK)
processed_1892-5.png,4.28.2号机OK/5/processed_1892-5.png,o,98.67,Pass (Confirmed OK)
processed_1877-5.png,4.28.2号机OK/5/processed_1877-5.png,sn,14.04,Review (Flagged for Double Check)
processed_1876-5.png,4.28.2号机OK/5/processed_1876-5.png,sf,15.39,Review (Flagged for Double Check)
processed_1875-5.png,4.28.2号机OK/5/processed_1875-5.png,o,93.37,Pass (Confirmed OK)
processed_1874-5.png,4.28.2号机OK/5/processed_1874-5.png,o,95.87,Pass (Confirmed OK)
processed_1890-5.png,4.28.2号机OK/5/processed_1890-5.png,o,98.7,Pass (Confirmed OK)
processed_1902-5.png,4.28.2号机OK/5/processed_1902-5.png,o,98.81,Pass (Confirmed OK)
processed_1897-5.png,4.28.2号机OK/5/processed_1897-5.png,o,98.51,Pass (Confirmed OK)
processed_1884-5.png,4.28.2号机OK/5/processed_1884-5.png,o,99.58,Pass (Confirmed OK)
processed_1906-5.png,4.28.2号机OK/5/processed_1906-5.png,o,99.96,Pass (Confirmed OK)
processed_1893-5.png,4.28.2号机OK/5/processed_1893-5.png,o,99.81,Pass (Confirmed OK)
processed_1886-5.png,4.28.2号机OK/5/processed_1886-5.png,o,99.42,Pass (Confirmed OK)
processed_1899-5.png,4.28.2号机OK/5/processed_1899-5.png,o,95.56,Pass (Confirmed OK)
processed_1883-5.png,4.28.2号机OK/5/processed_1883-5.png,o,99.23,Pass (Confirmed OK)
processed_1901-5.png,4.28.2号机OK/5/processed_1901-5.png,o,99.08,Pass (Confirmed OK)
processed_1882-5.png,4.28.2号机OK/5/processed_1882-5.png,o,99.99,Pass (Confirmed OK)
processed_1879-5.png,4.28.2号机OK/5/processed_1879-5.png,sf,55.86,Review (Flagged for Double Check)
processed_1898-5.png,4.28.2号机OK/5/processed_1898-5.png,sf,9.25,Review (Flagged for Double Check)
processed_1891-5.png,4.28.2号机OK/5/processed_1891-5.png,o,99.69,Pass (Confirmed OK)
processed_1896-5.png,4.28.2号机OK/5/processed_1896-5.png,sf,34.73,Review (Flagged for Double Check)
processed_1881-9.png,4.28.2号机OK/9/processed_1881-9.png,sn,32.69,Review (Flagged for Double Check)
processed_1888-9.png,4.28.2号机OK/9/processed_1888-9.png,sn,66.69,Review (Flagged for Double Check)
processed_1891-9.png,4.28.2号机OK/9/processed_1891-9.png,sn,62.44,Review (Flagged for Double Check)
processed_1889-9.png,4.28.2号机OK/9/processed_1889-9.png,sn,62.81,Review (Flagged for Double Check)
processed_1895-9.png,4.28.2号机OK/9/processed_1895-9.png,mn,44.96,Review (Flagged for Double Check)
processed_1904-9.png,4.28.2号机OK/9/processed_1904-9.png,sn,29.12,Review (Flagged for Double Check)
processed_1897-9.png,4.28.2号机OK/9/processed_1897-9.png,sn,44.45,Review (Flagged for Double Check)
processed_1887-9.png,4.28.2号机OK/9/processed_1887-9.png,sn,67.38,Review (Flagged for Double Check)
processed_1906-9.png,4.28.2号机OK/9/processed_1906-9.png,sn,76.96,Review (Flagged for Double Check)
processed_1874-9.png,4.28.2号机OK/9/processed_1874-9.png,sn,23.13,Review (Flagged for Double Check)
processed_1876-9.png,4.28.2号机OK/9/processed_1876-9.png,sf,30.52,Review (Flagged for Double Check)
processed_1894-9.png,4.28.2号机OK/9/processed_1894-9.png,sn,55.91,Review (Flagged for Double Check)
processed_1902-9.png,4.28.2号机OK/9/processed_1902-9.png,sn,35.85,Review (Flagged for Double Check)
processed_1884-9.png,4.28.2号机OK/9/processed_1884-9.png,sn,41.18,Review (Flagged for Double Check)
processed_1905-9.png,4.28.2号机OK/9/processed_1905-9.png,sn,65.9,Review (Flagged for Double Check)
processed_1877-9.png,4.28.2号机OK/9/processed_1877-9.png,sn,16.25,Review (Flagged for Double Check)
processed_1879-9.png,4.28.2号机OK/9/processed_1879-9.png,sf,24.57,Review (Flagged for Double Check)
processed_1886-9.png,4.28.2号机OK/9/processed_1886-9.png,sn,19.5,Review (Flagged for Double Check)
processed_1899-9.png,4.28.2号机OK/9/processed_1899-9.png,sn,55.66,Review (Flagged for Double Check)
processed_1901-9.png,4.28.2号机OK/9/processed_1901-9.png,sn,61.65,Review (Flagged for Double Check)
processed_1896-9.png,4.28.2号机OK/9/processed_1896-9.png,o,99.12,Pass (Confirmed OK)
processed_1885-9.png,4.28.2号机OK/9/processed_1885-9.png,sn,52.37,Review (Flagged for Double Check)
processed_1882-9.png,4.28.2号机OK/9/processed_1882-9.png,sn,16.9,Review (Flagged for Double Check)
processed_1890-9.png,4.28.2号机OK/9/processed_1890-9.png,sn,48.7,Review (Flagged for Double Check)
processed_1892-9.png,4.28.2号机OK/9/processed_1892-9.png,o,93.0,Pass (Confirmed OK)
processed_1898-9.png,4.28.2号机OK/9/processed_1898-9.png,o,93.28,Pass (Confirmed OK)
processed_1900-9.png,4.28.2号机OK/9/processed_1900-9.png,sn,41.63,Review (Flagged for Double Check)
processed_1875-9.png,4.28.2号机OK/9/processed_1875-9.png,sn,13.21,Review (Flagged for Double Check)
processed_1878-9.png,4.28.2号机OK/9/processed_1878-9.png,sf,58.66,Review (Flagged for Double Check)
processed_1907-9.png,4.28.2号机OK/9/processed_1907-9.png,sn,53.83,Review (Flagged for Double Check)
processed_1893-9.png,4.28.2号机OK/9/processed_1893-9.png,sn,39.12,Review (Flagged for Double Check)
processed_1883-9.png,4.28.2号机OK/9/processed_1883-9.png,sn,51.81,Review (Flagged for Double Check)
processed_1872-9.png,4.28.2号机OK/9/processed_1872-9.png,sn,42.7,Review (Flagged for Double Check)
processed_1880-9.png,4.28.2号机OK/9/processed_1880-9.png,sn,52.55,Review (Flagged for Double Check)
processed_1873-9.png,4.28.2号机OK/9/processed_1873-9.png,o,92.65,Pass (Confirmed OK)
processed_1904-7.png,4.28.2号机OK/7/processed_1904-7.png,o,96.09,Pass (Confirmed OK)
processed_1872-7.png,4.28.2号机OK/7/processed_1872-7.png,o,99.26,Pass (Confirmed OK)
processed_1884-7.png,4.28.2号机OK/7/processed_1884-7.png,sn,16.52,Review (Flagged for Double Check)
processed_1889-7.png,4.28.2号机OK/7/processed_1889-7.png,o,96.36,Pass (Confirmed OK)
processed_1901-7.png,4.28.2号机OK/7/processed_1901-7.png,o,99.62,Pass (Confirmed OK)
processed_1879-7.png,4.28.2号机OK/7/processed_1879-7.png,o,90.75,Pass (Confirmed OK)
processed_1874-7.png,4.28.2号机OK/7/processed_1874-7.png,o,92.64,Pass (Confirmed OK)
processed_1877-7.png,4.28.2号机OK/7/processed_1877-7.png,o,99.7,Pass (Confirmed OK)
processed_1881-7.png,4.28.2号机OK/7/processed_1881-7.png,o,99.64,Pass (Confirmed OK)
processed_1898-7.png,4.28.2号机OK/7/processed_1898-7.png,o,93.65,Pass (Confirmed OK)
processed_1886-7.png,4.28.2号机OK/7/processed_1886-7.png,sn,11.92,Review (Flagged for Double Check)
processed_1907-7.png,4.28.2号机OK/7/processed_1907-7.png,o,95.43,Pass (Confirmed OK)
processed_1878-7.png,4.28.2号机OK/7/processed_1878-7.png,o,99.46,Pass (Confirmed OK)
processed_1900-7.png,4.28.2号机OK/7/processed_1900-7.png,o,98.08,Pass (Confirmed OK)
processed_1897-7.png,4.28.2号机OK/7/processed_1897-7.png,sn,40.77,Review (Flagged for Double Check)
processed_1890-7.png,4.28.2号机OK/7/processed_1890-7.png,sn,10.17,Review (Flagged for Double Check)
processed_1873-7.png,4.28.2号机OK/7/processed_1873-7.png,sn,12.48,Review (Flagged for Double Check)
processed_1875-7.png,4.28.2号机OK/7/processed_1875-7.png,sn,10.69,Review (Flagged for Double Check)
processed_1887-7.png,4.28.2号机OK/7/processed_1887-7.png,sn,62.2,Review (Flagged for Double Check)
processed_1891-7.png,4.28.2号机OK/7/processed_1891-7.png,o,96.98,Pass (Confirmed OK)
processed_1880-7.png,4.28.2号机OK/7/processed_1880-7.png,sn,11.72,Review (Flagged for Double Check)
processed_1905-7.png,4.28.2号机OK/7/processed_1905-7.png,sn,17.38,Review (Flagged for Double Check)
processed_1902-7.png,4.28.2号机OK/7/processed_1902-7.png,sn,72.31,Review (Flagged for Double Check)
processed_1885-7.png,4.28.2号机OK/7/processed_1885-7.png,sn,26.31,Review (Flagged for Double Check)
processed_1896-7.png,4.28.2号机OK/7/processed_1896-7.png,o,91.74,Pass (Confirmed OK)
processed_1883-7.png,4.28.2号机OK/7/processed_1883-7.png,o,99.19,Pass (Confirmed OK)
processed_1894-7.png,4.28.2号机OK/7/processed_1894-7.png,o,98.24,Pass (Confirmed OK)
processed_1899-7.png,4.28.2号机OK/7/processed_1899-7.png,o,91.3,Pass (Confirmed OK)
processed_1895-7.png,4.28.2号机OK/7/processed_1895-7.png,o,96.92,Pass (Confirmed OK)
processed_1888-7.png,4.28.2号机OK/7/processed_1888-7.png,o,93.16,Pass (Confirmed OK)
processed_1892-7.png,4.28.2号机OK/7/processed_1892-7.png,o,98.89,Pass (Confirmed OK)
processed_1893-7.png,4.28.2号机OK/7/processed_1893-7.png,sn,60.57,Review (Flagged for Double Check)
processed_1882-7.png,4.28.2号机OK/7/processed_1882-7.png,sn,22.05,Review (Flagged for Double Check)
processed_1906-7.png,4.28.2号机OK/7/processed_1906-7.png,sn,17.69,Review (Flagged for Double Check)
processed_1876-7.png,4.28.2号机OK/7/processed_1876-7.png,sn,64.7,Review (Flagged for Double Check)
processed_1877-3.png,4.28.2号机OK/3/processed_1877-3.png,sn,31.92,Review (Flagged for Double Check)
processed_1876-3.png,4.28.2号机OK/3/processed_1876-3.png,sn,50.54,Review (Flagged for Double Check)
processed_1896-3.png,4.28.2号机OK/3/processed_1896-3.png,sn,43.7,Review (Flagged for Double Check)
processed_1902-3.png,4.28.2号机OK/3/processed_1902-3.png,sn,51.68,Review (Flagged for Double Check)
processed_1875-3.png,4.28.2号机OK/3/processed_1875-3.png,sn,47.58,Review (Flagged for Double Check)
processed_1891-3.png,4.28.2号机OK/3/processed_1891-3.png,sn,57.79,Review (Flagged for Double Check)
processed_1880-3.png,4.28.2号机OK/3/processed_1880-3.png,sn,41.57,Review (Flagged for Double Check)
processed_1889-3.png,4.28.2号机OK/3/processed_1889-3.png,sn,44.86,Review (Flagged for Double Check)
processed_1904-3.png,4.28.2号机OK/3/processed_1904-3.png,sn,30.5,Review (Flagged for Double Check)
processed_1872-3.png,4.28.2号机OK/3/processed_1872-3.png,sn,63.14,Review (Flagged for Double Check)
processed_1879-3.png,4.28.2号机OK/3/processed_1879-3.png,sn,50.49,Review (Flagged for Double Check)
processed_1882-3.png,4.28.2号机OK/3/processed_1882-3.png,sn,54.15,Review (Flagged for Double Check)
processed_1898-3.png,4.28.2号机OK/3/processed_1898-3.png,sn,48.41,Review (Flagged for Double Check)
processed_1907-3.png,4.28.2号机OK/3/processed_1907-3.png,sn,52.55,Review (Flagged for Double Check)
processed_1905-3.png,4.28.2号机OK/3/processed_1905-3.png,sn,40.76,Review (Flagged for Double Check)
processed_1883-3.png,4.28.2号机OK/3/processed_1883-3.png,sn,58.25,Review (Flagged for Double Check)
processed_1878-3.png,4.28.2号机OK/3/processed_1878-3.png,sn,40.51,Review (Flagged for Double Check)
processed_1893-3.png,4.28.2号机OK/3/processed_1893-3.png,sn,42.43,Review (Flagged for Double Check)
processed_1881-3.png,4.28.2号机OK/3/processed_1881-3.png,sn,37.08,Review (Flagged for Double Check)
processed_1873-3.png,4.28.2号机OK/3/processed_1873-3.png,sf,50.03,Review (Flagged for Double Check)
processed_1888-3.png,4.28.2号机OK/3/processed_1888-3.png,sn,53.96,Review (Flagged for Double Check)
processed_1906-3.png,4.28.2号机OK/3/processed_1906-3.png,sn,17.42,Review (Flagged for Double Check)
processed_1874-3.png,4.28.2号机OK/3/processed_1874-3.png,sn,35.32,Review (Flagged for Double Check)
processed_1886-3.png,4.28.2号机OK/3/processed_1886-3.png,sn,60.69,Review (Flagged for Double Check)
processed_1890-3.png,4.28.2号机OK/3/processed_1890-3.png,sn,54.55,Review (Flagged for Double Check)
processed_1892-3.png,4.28.2号机OK/3/processed_1892-3.png,sn,50.63,Review (Flagged for Double Check)
processed_1899-3.png,4.28.2号机OK/3/processed_1899-3.png,mn,40.61,Review (Flagged for Double Check)
processed_1897-3.png,4.28.2号机OK/3/processed_1897-3.png,o,97.99,Pass (Confirmed OK)
processed_1895-3.png,4.28.2号机OK/3/processed_1895-3.png,mn,46.79,Review (Flagged for Double Check)
processed_1884-3.png,4.28.2号机OK/3/processed_1884-3.png,o,94.05,Pass (Confirmed OK)
processed_1885-3.png,4.28.2号机OK/3/processed_1885-3.png,sn,55.56,Review (Flagged for Double Check)
processed_1887-3.png,4.28.2号机OK/3/processed_1887-3.png,sn,54.53,Review (Flagged for Double Check)
processed_1901-3.png,4.28.2号机OK/3/processed_1901-3.png,mn,53.65,Review (Flagged for Double Check)
processed_1900-3.png,4.28.2号机OK/3/processed_1900-3.png,sn,25.95,Review (Flagged for Double Check)
processed_1894-3.png,4.28.2号机OK/3/processed_1894-3.png,sn,54.35,Review (Flagged for Double Check)
processed_1879-1.png,4.28.2号机OK/1/processed_1879-1.png,sn,58.14,Review (Flagged for Double Check)
processed_1882-1.png,4.28.2号机OK/1/processed_1882-1.png,sn,55.07,Review (Flagged for Double Check)
processed_1890-1.png,4.28.2号机OK/1/processed_1890-1.png,sn,76.35,Review (Flagged for Double Check)
processed_1900-1.png,4.28.2号机OK/1/processed_1900-1.png,sn,74.55,Review (Flagged for Double Check)
processed_1885-1.png,4.28.2号机OK/1/processed_1885-1.png,o,92.56,Pass (Confirmed OK)
processed_1902-1.png,4.28.2号机OK/1/processed_1902-1.png,sn,49.2,Review (Flagged for Double Check)
processed_1894-1.png,4.28.2号机OK/1/processed_1894-1.png,sn,25.74,Review (Flagged for Double Check)
processed_1873-1.png,4.28.2号机OK/1/processed_1873-1.png,sn,20.24,Review (Flagged for Double Check)
processed_1874-1.png,4.28.2号机OK/1/processed_1874-1.png,sn,19.1,Review (Flagged for Double Check)
processed_1901-1.png,4.28.2号机OK/1/processed_1901-1.png,sn,10.45,Review (Flagged for Double Check)
processed_1897-1.png,4.28.2号机OK/1/processed_1897-1.png,o,95.4,Pass (Confirmed OK)
processed_1904-1.png,4.28.2号机OK/1/processed_1904-1.png,o,97.62,Pass (Confirmed OK)
processed_1906-1.png,4.28.2号机OK/1/processed_1906-1.png,sn,13.86,Review (Flagged for Double Check)
processed_1892-1.png,4.28.2号机OK/1/processed_1892-1.png,sn,46.72,Review (Flagged for Double Check)
processed_1884-1.png,4.28.2号机OK/1/processed_1884-1.png,sn,64.75,Review (Flagged for Double Check)
processed_1891-1.png,4.28.2号机OK/1/processed_1891-1.png,sn,28.23,Review (Flagged for Double Check)
processed_1880-1.png,4.28.2号机OK/1/processed_1880-1.png,sn,36.08,Review (Flagged for Double Check)
processed_1877-1.png,4.28.2号机OK/1/processed_1877-1.png,sn,16.21,Review (Flagged for Double Check)
processed_1899-1.png,4.28.2号机OK/1/processed_1899-1.png,o,96.06,Pass (Confirmed OK)
processed_1872-1.png,4.28.2号机OK/1/processed_1872-1.png,sn,32.77,Review (Flagged for Double Check)
processed_1907-1.png,4.28.2号机OK/1/processed_1907-1.png,sn,11.86,Review (Flagged for Double Check)
processed_1889-1.png,4.28.2号机OK/1/processed_1889-1.png,sn,35.03,Review (Flagged for Double Check)
processed_1875-1.png,4.28.2号机OK/1/processed_1875-1.png,sn,14.73,Review (Flagged for Double Check)
processed_1881-1.png,4.28.2号机OK/1/processed_1881-1.png,sn,14.34,Review (Flagged for Double Check)
processed_1876-1.png,4.28.2号机OK/1/processed_1876-1.png,sn,49.55,Review (Flagged for Double Check)
processed_1886-1.png,4.28.2号机OK/1/processed_1886-1.png,sn,13.87,Review (Flagged for Double Check)
processed_1893-1.png,4.28.2号机OK/1/processed_1893-1.png,sn,19.97,Review (Flagged for Double Check)
processed_1883-1.png,4.28.2号机OK/1/processed_1883-1.png,sn,11.94,Review (Flagged for Double Check)
processed_1905-1.png,4.28.2号机OK/1/processed_1905-1.png,sn,43.13,Review (Flagged for Double Check)
processed_1898-1.png,4.28.2号机OK/1/processed_1898-1.png,o,98.91,Pass (Confirmed OK)
processed_1878-1.png,4.28.2号机OK/1/processed_1878-1.png,sn,31.34,Review (Flagged for Double Check)
processed_1896-1.png,4.28.2号机OK/1/processed_1896-1.png,sn,39.85,Review (Flagged for Double Check)
processed_1895-1.png,4.28.2号机OK/1/processed_1895-1.png,sn,33.66,Review (Flagged for Double Check)
processed_1887-1.png,4.28.2号机OK/1/processed_1887-1.png,sn,11.22,Review (Flagged for Double Check)
processed_1888-1.png,4.28.2号机OK/1/processed_1888-1.png,sn,76.72,Review (Flagged for Double Check)
processed_1869-5.png,4.25.2号机OK/5/processed_1869-5.png,o,97.03,Pass (Confirmed OK)
processed_1854-5.png,4.25.2号机OK/5/processed_1854-5.png,o,97.85,Pass (Confirmed OK)
processed_1824-5.png,4.25.2号机OK/5/processed_1824-5.png,o,95.59,Pass (Confirmed OK)
processed_1843-5.png,4.25.2号机OK/5/processed_1843-5.png,o,99.38,Pass (Confirmed OK)
processed_1830-5.png,4.25.2号机OK/5/processed_1830-5.png,o,97.59,Pass (Confirmed OK)
processed_1853-5.png,4.25.2号机OK/5/processed_1853-5.png,o,99.49,Pass (Confirmed OK)
processed_1864-5.png,4.25.2号机OK/5/processed_1864-5.png,o,93.17,Pass (Confirmed OK)
processed_1835-5.png,4.25.2号机OK/5/processed_1835-5.png,sf,65.47,Review (Flagged for Double Check)
processed_1842-5.png,4.25.2号机OK/5/processed_1842-5.png,sf,6.55,Review (Flagged for Double Check)
processed_1844-5.png,4.25.2号机OK/5/processed_1844-5.png,sf,9.94,Review (Flagged for Double Check)
processed_1858-5.png,4.25.2号机OK/5/processed_1858-5.png,o,98.98,Pass (Confirmed OK)
processed_1862-5.png,4.25.2号机OK/5/processed_1862-5.png,sn,15.61,Review (Flagged for Double Check)
processed_1846-5.png,4.25.2号机OK/5/processed_1846-5.png,sf,14.41,Review (Flagged for Double Check)
processed_1827-5.png,4.25.2号机OK/5/processed_1827-5.png,o,98.37,Pass (Confirmed OK)
processed_1849-5.png,4.25.2号机OK/5/processed_1849-5.png,o,95.83,Pass (Confirmed OK)
processed_1866-5.png,4.25.2号机OK/5/processed_1866-5.png,o,94.91,Pass (Confirmed OK)
processed_1857-5.png,4.25.2号机OK/5/processed_1857-5.png,o,96.8,Pass (Confirmed OK)
processed_1831-5.png,4.25.2号机OK/5/processed_1831-5.png,o,97.95,Pass (Confirmed OK)
processed_1834-5.png,4.25.2号机OK/5/processed_1834-5.png,sf,53.12,Review (Flagged for Double Check)
processed_1848-5.png,4.25.2号机OK/5/processed_1848-5.png,sf,37.56,Review (Flagged for Double Check)
processed_1865-5.png,4.25.2号机OK/5/processed_1865-5.png,o,95.36,Pass (Confirmed OK)
processed_1826-5.png,4.25.2号机OK/5/processed_1826-5.png,o,91.32,Pass (Confirmed OK)
processed_1851-5.png,4.25.2号机OK/5/processed_1851-5.png,xf,25.89,Review (Flagged for Double Check)
processed_1838-5.png,4.25.2号机OK/5/processed_1838-5.png,sn,8.53,Review (Flagged for Double Check)
processed_1825-5.png,4.25.2号机OK/5/processed_1825-5.png,o,98.96,Pass (Confirmed OK)
processed_1833-5.png,4.25.2号机OK/5/processed_1833-5.png,sf,47.53,Review (Flagged for Double Check)
processed_1841-5.png,4.25.2号机OK/5/processed_1841-5.png,sf,12.62,Review (Flagged for Double Check)
processed_1856-5.png,4.25.2号机OK/5/processed_1856-5.png,o,93.93,Pass (Confirmed OK)
processed_1837-5.png,4.25.2号机OK/5/processed_1837-5.png,o,98.8,Pass (Confirmed OK)
processed_1839-5.png,4.25.2号机OK/5/processed_1839-5.png,sf,29.75,Review (Flagged for Double Check)
processed_1840-5.png,4.25.2号机OK/5/processed_1840-5.png,o,90.95,Pass (Confirmed OK)
processed_1852-5.png,4.25.2号机OK/5/processed_1852-5.png,sf,6.85,Review (Flagged for Double Check)
processed_1855-5.png,4.25.2号机OK/5/processed_1855-5.png,o,97.4,Pass (Confirmed OK)
processed_1832-5.png,4.25.2号机OK/5/processed_1832-5.png,sf,36.38,Review (Flagged for Double Check)
processed_1829-5.png,4.25.2号机OK/5/processed_1829-5.png,sf,12.77,Review (Flagged for Double Check)
processed_1861-5.png,4.25.2号机OK/5/processed_1861-5.png,o,94.84,Pass (Confirmed OK)
processed_1836-5.png,4.25.2号机OK/5/processed_1836-5.png,sf,63.19,Review (Flagged for Double Check)
processed_1863-5.png,4.25.2号机OK/5/processed_1863-5.png,sn,14.57,Review (Flagged for Double Check)
processed_1850-5.png,4.25.2号机OK/5/processed_1850-5.png,o,98.91,Pass (Confirmed OK)
processed_1868-5.png,4.25.2号机OK/5/processed_1868-5.png,o,97.03,Pass (Confirmed OK)
processed_1867-5.png,4.25.2号机OK/5/processed_1867-5.png,o,97.77,Pass (Confirmed OK)
processed_1860-5.png,4.25.2号机OK/5/processed_1860-5.png,o,96.56,Pass (Confirmed OK)
processed_1871-5.png,4.25.2号机OK/5/processed_1871-5.png,o,98.45,Pass (Confirmed OK)
processed_1845-5.png,4.25.2号机OK/5/processed_1845-5.png,sn,20.99,Review (Flagged for Double Check)
processed_1870-5.png,4.25.2号机OK/5/processed_1870-5.png,o,97.26,Pass (Confirmed OK)
processed_1859-5.png,4.25.2号机OK/5/processed_1859-5.png,o,96.23,Pass (Confirmed OK)
processed_1847-5.png,4.25.2号机OK/5/processed_1847-5.png,sf,27.44,Review (Flagged for Double Check)
processed_1828-5.png,4.25.2号机OK/5/processed_1828-5.png,o,91.96,Pass (Confirmed OK)
processed_1826-9.png,4.25.2号机OK/9/processed_1826-9.png,sn,32.96,Review (Flagged for Double Check)
processed_1856-9.png,4.25.2号机OK/9/processed_1856-9.png,o,93.46,Pass (Confirmed OK)
processed_1862-9.png,4.25.2号机OK/9/processed_1862-9.png,sn,17.12,Review (Flagged for Double Check)
processed_1824-9.png,4.25.2号机OK/9/processed_1824-9.png,sn,21.37,Review (Flagged for Double Check)
processed_1870-9.png,4.25.2号机OK/9/processed_1870-9.png,sn,69.01,Review (Flagged for Double Check)
processed_1853-9.png,4.25.2号机OK/9/processed_1853-9.png,sn,43.59,Review (Flagged for Double Check)
processed_1854-9.png,4.25.2号机OK/9/processed_1854-9.png,sn,26.34,Review (Flagged for Double Check)
processed_1860-9.png,4.25.2号机OK/9/processed_1860-9.png,sn,31.48,Review (Flagged for Double Check)
processed_1845-9.png,4.25.2号机OK/9/processed_1845-9.png,o,92.48,Pass (Confirmed OK)
processed_1828-9.png,4.25.2号机OK/9/processed_1828-9.png,sn,72.74,Review (Flagged for Double Check)
processed_1825-9.png,4.25.2号机OK/9/processed_1825-9.png,sn,56.17,Review (Flagged for Double Check)
processed_1849-9.png,4.25.2号机OK/9/processed_1849-9.png,sn,35.86,Review (Flagged for Double Check)
processed_1830-9.png,4.25.2号机OK/9/processed_1830-9.png,sn,49.59,Review (Flagged for Double Check)
processed_1844-9.png,4.25.2号机OK/9/processed_1844-9.png,sn,17.57,Review (Flagged for Double Check)
processed_1859-9.png,4.25.2号机OK/9/processed_1859-9.png,sn,34.21,Review (Flagged for Double Check)
processed_1855-9.png,4.25.2号机OK/9/processed_1855-9.png,sn,65.54,Review (Flagged for Double Check)
processed_1847-9.png,4.25.2号机OK/9/processed_1847-9.png,sn,20.41,Review (Flagged for Double Check)
processed_1868-9.png,4.25.2号机OK/9/processed_1868-9.png,sn,63.29,Review (Flagged for Double Check)
processed_1864-9.png,4.25.2号机OK/9/processed_1864-9.png,sn,58.92,Review (Flagged for Double Check)
processed_1832-9.png,4.25.2号机OK/9/processed_1832-9.png,sn,59.65,Review (Flagged for Double Check)
processed_1869-9.png,4.25.2号机OK/9/processed_1869-9.png,sn,41.33,Review (Flagged for Double Check)
processed_1836-9.png,4.25.2号机OK/9/processed_1836-9.png,o,98.38,Pass (Confirmed OK)
processed_1867-9.png,4.25.2号机OK/9/processed_1867-9.png,sn,54.24,Review (Flagged for Double Check)
processed_1840-9.png,4.25.2号机OK/9/processed_1840-9.png,sn,48.91,Review (Flagged for Double Check)
processed_1861-9.png,4.25.2号机OK/9/processed_1861-9.png,sn,51.71,Review (Flagged for Double Check)
processed_1852-9.png,4.25.2号机OK/9/processed_1852-9.png,sn,61.29,Review (Flagged for Double Check)
processed_1871-9.png,4.25.2号机OK/9/processed_1871-9.png,sn,33.9,Review (Flagged for Double Check)
processed_1848-9.png,4.25.2号机OK/9/processed_1848-9.png,o,93.27,Pass (Confirmed OK)
processed_1850-9.png,4.25.2号机OK/9/processed_1850-9.png,sn,46.61,Review (Flagged for Double Check)
processed_1827-9.png,4.25.2号机OK/9/processed_1827-9.png,sn,59.61,Review (Flagged for Double Check)
processed_1837-9.png,4.25.2号机OK/9/processed_1837-9.png,sn,68.38,Review (Flagged for Double Check)
processed_1857-9.png,4.25.2号机OK/9/processed_1857-9.png,sn,13.09,Review (Flagged for Double Check)
processed_1831-9.png,4.25.2号机OK/9/processed_1831-9.png,o,94.34,Pass (Confirmed OK)
processed_1866-9.png,4.25.2号机OK/9/processed_1866-9.png,sn,64.68,Review (Flagged for Double Check)
processed_1841-9.png,4.25.2号机OK/9/processed_1841-9.png,sn,16.48,Review (Flagged for Double Check)
processed_1846-9.png,4.25.2号机OK/9/processed_1846-9.png,sn,40.37,Review (Flagged for Double Check)
processed_1843-9.png,4.25.2号机OK/9/processed_1843-9.png,sn,67.48,Review (Flagged for Double Check)
processed_1834-9.png,4.25.2号机OK/9/processed_1834-9.png,sn,69.1,Review (Flagged for Double Check)
processed_1842-9.png,4.25.2号机OK/9/processed_1842-9.png,sn,18.38,Review (Flagged for Double Check)
processed_1865-9.png,4.25.2号机OK/9/processed_1865-9.png,sn,47.93,Review (Flagged for Double Check)
processed_1863-9.png,4.25.2号机OK/9/processed_1863-9.png,sn,58.45,Review (Flagged for Double Check)
processed_1851-9.png,4.25.2号机OK/9/processed_1851-9.png,sn,25.3,Review (Flagged for Double Check)
processed_1839-9.png,4.25.2号机OK/9/processed_1839-9.png,o,96.94,Pass (Confirmed OK)
processed_1835-9.png,4.25.2号机OK/9/processed_1835-9.png,sn,23.13,Review (Flagged for Double Check)
processed_1858-9.png,4.25.2号机OK/9/processed_1858-9.png,sn,63.76,Review (Flagged for Double Check)
processed_1833-9.png,4.25.2号机OK/9/processed_1833-9.png,sn,50.57,Review (Flagged for Double Check)
processed_1838-9.png,4.25.2号机OK/9/processed_1838-9.png,sn,47.82,Review (Flagged for Double Check)
processed_1829-9.png,4.25.2号机OK/9/processed_1829-9.png,sn,56.38,Review (Flagged for Double Check)
processed_1832-7.png,4.25.2号机OK/7/processed_1832-7.png,o,91.62,Pass (Confirmed OK)
processed_1840-7.png,4.25.2号机OK/7/processed_1840-7.png,sn,14.22,Review (Flagged for Double Check)
processed_1825-7.png,4.25.2号机OK/7/processed_1825-7.png,sn,14.26,Review (Flagged for Double Check)
processed_1858-7.png,4.25.2号机OK/7/processed_1858-7.png,sn,32.24,Review (Flagged for Double Check)
processed_1829-7.png,4.25.2号机OK/7/processed_1829-7.png,sn,11.85,Review (Flagged for Double Check)
processed_1827-7.png,4.25.2号机OK/7/processed_1827-7.png,sn,23.76,Review (Flagged for Double Check)
processed_1869-7.png,4.25.2号机OK/7/processed_1869-7.png,sn,22.17,Review (Flagged for Double Check)
processed_1833-7.png,4.25.2号机OK/7/processed_1833-7.png,o,94.47,Pass (Confirmed OK)
processed_1864-7.png,4.25.2号机OK/7/processed_1864-7.png,sn,14.95,Review (Flagged for Double Check)
processed_1836-7.png,4.25.2号机OK/7/processed_1836-7.png,o,90.27,Pass (Confirmed OK)
processed_1855-7.png,4.25.2号机OK/7/processed_1855-7.png,sn,14.94,Review (Flagged for Double Check)
processed_1849-7.png,4.25.2号机OK/7/processed_1849-7.png,sn,19.55,Review (Flagged for Double Check)
processed_1854-7.png,4.25.2号机OK/7/processed_1854-7.png,sn,16.57,Review (Flagged for Double Check)
processed_1834-7.png,4.25.2号机OK/7/processed_1834-7.png,o,93.61,Pass (Confirmed OK)
processed_1867-7.png,4.25.2号机OK/7/processed_1867-7.png,sn,15.28,Review (Flagged for Double Check)
processed_1841-7.png,4.25.2号机OK/7/processed_1841-7.png,sn,36.83,Review (Flagged for Double Check)
processed_1860-7.png,4.25.2号机OK/7/processed_1860-7.png,sn,16.98,Review (Flagged for Double Check)
processed_1852-7.png,4.25.2号机OK/7/processed_1852-7.png,sn,34.06,Review (Flagged for Double Check)
processed_1866-7.png,4.25.2号机OK/7/processed_1866-7.png,o,97.06,Pass (Confirmed OK)
processed_1824-7.png,4.25.2号机OK/7/processed_1824-7.png,sn,44.6,Review (Flagged for Double Check)
processed_1850-7.png,4.25.2号机OK/7/processed_1850-7.png,sn,39.76,Review (Flagged for Double Check)
processed_1846-7.png,4.25.2号机OK/7/processed_1846-7.png,o,90.3,Pass (Confirmed OK)
processed_1856-7.png,4.25.2号机OK/7/processed_1856-7.png,sn,60.09,Review (Flagged for Double Check)
processed_1838-7.png,4.25.2号机OK/7/processed_1838-7.png,o,96.57,Pass (Confirmed OK)
processed_1835-7.png,4.25.2号机OK/7/processed_1835-7.png,sn,23.99,Review (Flagged for Double Check)
processed_1844-7.png,4.25.2号机OK/7/processed_1844-7.png,sn,44.75,Review (Flagged for Double Check)
processed_1830-7.png,4.25.2号机OK/7/processed_1830-7.png,sn,59.92,Review (Flagged for Double Check)
processed_1847-7.png,4.25.2号机OK/7/processed_1847-7.png,o,92.09,Pass (Confirmed OK)
processed_1851-7.png,4.25.2号机OK/7/processed_1851-7.png,sn,13.51,Review (Flagged for Double Check)
processed_1863-7.png,4.25.2号机OK/7/processed_1863-7.png,o,90.34,Pass (Confirmed OK)
processed_1837-7.png,4.25.2号机OK/7/processed_1837-7.png,o,90.34,Pass (Confirmed OK)
processed_1862-7.png,4.25.2号机OK/7/processed_1862-7.png,sn,10.25,Review (Flagged for Double Check)
processed_1848-7.png,4.25.2号机OK/7/processed_1848-7.png,o,99.07,Pass (Confirmed OK)
processed_1842-7.png,4.25.2号机OK/7/processed_1842-7.png,o,98.05,Pass (Confirmed OK)
processed_1861-7.png,4.25.2号机OK/7/processed_1861-7.png,sn,46.62,Review (Flagged for Double Check)
processed_1871-7.png,4.25.2号机OK/7/processed_1871-7.png,sn,19.17,Review (Flagged for Double Check)
processed_1865-7.png,4.25.2号机OK/7/processed_1865-7.png,sn,71.72,Review (Flagged for Double Check)
processed_1839-7.png,4.25.2号机OK/7/processed_1839-7.png,sn,23.82,Review (Flagged for Double Check)
processed_1868-7.png,4.25.2号机OK/7/processed_1868-7.png,o,95.85,Pass (Confirmed OK)
processed_1843-7.png,4.25.2号机OK/7/processed_1843-7.png,sn,55.33,Review (Flagged for Double Check)
processed_1853-7.png,4.25.2号机OK/7/processed_1853-7.png,o,99.15,Pass (Confirmed OK)
processed_1870-7.png,4.25.2号机OK/7/processed_1870-7.png,sn,47.28,Review (Flagged for Double Check)
processed_1857-7.png,4.25.2号机OK/7/processed_1857-7.png,sn,14.76,Review (Flagged for Double Check)
processed_1831-7.png,4.25.2号机OK/7/processed_1831-7.png,o,97.83,Pass (Confirmed OK)
processed_1828-7.png,4.25.2号机OK/7/processed_1828-7.png,o,90.31,Pass (Confirmed OK)
processed_1859-7.png,4.25.2号机OK/7/processed_1859-7.png,o,93.32,Pass (Confirmed OK)
processed_1845-7.png,4.25.2号机OK/7/processed_1845-7.png,sn,38.56,Review (Flagged for Double Check)
processed_1826-7.png,4.25.2号机OK/7/processed_1826-7.png,sn,21.75,Review (Flagged for Double Check)
processed_1857-3.png,4.25.2号机OK/3/processed_1857-3.png,sn,45.14,Review (Flagged for Double Check)
processed_1852-3.png,4.25.2号机OK/3/processed_1852-3.png,sn,56.94,Review (Flagged for Double Check)
processed_1834-3.png,4.25.2号机OK/3/processed_1834-3.png,sn,33.57,Review (Flagged for Double Check)
processed_1863-3.png,4.25.2号机OK/3/processed_1863-3.png,sn,52.4,Review (Flagged for Double Check)
processed_1830-3.png,4.25.2号机OK/3/processed_1830-3.png,o,90.19,Pass (Confirmed OK)
processed_1828-3.png,4.25.2号机OK/3/processed_1828-3.png,sn,54.5,Review (Flagged for Double Check)
processed_1847-3.png,4.25.2号机OK/3/processed_1847-3.png,sn,29.67,Review (Flagged for Double Check)
processed_1843-3.png,4.25.2号机OK/3/processed_1843-3.png,sn,52.36,Review (Flagged for Double Check)
processed_1844-3.png,4.25.2号机OK/3/processed_1844-3.png,sn,54.24,Review (Flagged for Double Check)
processed_1825-3.png,4.25.2号机OK/3/processed_1825-3.png,sn,49.68,Review (Flagged for Double Check)
processed_1856-3.png,4.25.2号机OK/3/processed_1856-3.png,sn,59.55,Review (Flagged for Double Check)
processed_1867-3.png,4.25.2号机OK/3/processed_1867-3.png,sn,43.5,Review (Flagged for Double Check)
processed_1829-3.png,4.25.2号机OK/3/processed_1829-3.png,sn,62.29,Review (Flagged for Double Check)
processed_1845-3.png,4.25.2号机OK/3/processed_1845-3.png,sn,35.27,Review (Flagged for Double Check)
processed_1858-3.png,4.25.2号机OK/3/processed_1858-3.png,sn,56.51,Review (Flagged for Double Check)
processed_1831-3.png,4.25.2号机OK/3/processed_1831-3.png,sn,34.46,Review (Flagged for Double Check)
processed_1836-3.png,4.25.2号机OK/3/processed_1836-3.png,sn,58.25,Review (Flagged for Double Check)
processed_1850-3.png,4.25.2号机OK/3/processed_1850-3.png,sn,56.85,Review (Flagged for Double Check)
processed_1832-3.png,4.25.2号机OK/3/processed_1832-3.png,sn,57.77,Review (Flagged for Double Check)
processed_1869-3.png,4.25.2号机OK/3/processed_1869-3.png,sn,43.71,Review (Flagged for Double Check)
processed_1859-3.png,4.25.2号机OK/3/processed_1859-3.png,sn,48.19,Review (Flagged for Double Check)
processed_1870-3.png,4.25.2号机OK/3/processed_1870-3.png,mn,46.28,Review (Flagged for Double Check)
processed_1861-3.png,4.25.2号机OK/3/processed_1861-3.png,sn,47.63,Review (Flagged for Double Check)
processed_1839-3.png,4.25.2号机OK/3/processed_1839-3.png,o,98.96,Pass (Confirmed OK)
processed_1864-3.png,4.25.2号机OK/3/processed_1864-3.png,sn,60.02,Review (Flagged for Double Check)
processed_1851-3.png,4.25.2号机OK/3/processed_1851-3.png,sn,38.62,Review (Flagged for Double Check)
processed_1865-3.png,4.25.2号机OK/3/processed_1865-3.png,sn,50.6,Review (Flagged for Double Check)
processed_1827-3.png,4.25.2号机OK/3/processed_1827-3.png,sn,45.46,Review (Flagged for Double Check)
processed_1848-3.png,4.25.2号机OK/3/processed_1848-3.png,sn,39.22,Review (Flagged for Double Check)
processed_1837-3.png,4.25.2号机OK/3/processed_1837-3.png,sn,59.08,Review (Flagged for Double Check)
processed_1833-3.png,4.25.2号机OK/3/processed_1833-3.png,sn,57.18,Review (Flagged for Double Check)
processed_1824-3.png,4.25.2号机OK/3/processed_1824-3.png,sn,51.93,Review (Flagged for Double Check)
processed_1855-3.png,4.25.2号机OK/3/processed_1855-3.png,sn,31.39,Review (Flagged for Double Check)
processed_1860-3.png,4.25.2号机OK/3/processed_1860-3.png,sn,50.29,Review (Flagged for Double Check)
processed_1871-3.png,4.25.2号机OK/3/processed_1871-3.png,sn,57.28,Review (Flagged for Double Check)
processed_1868-3.png,4.25.2号机OK/3/processed_1868-3.png,mn,43.33,Review (Flagged for Double Check)
processed_1849-3.png,4.25.2号机OK/3/processed_1849-3.png,sn,46.26,Review (Flagged for Double Check)
processed_1846-3.png,4.25.2号机OK/3/processed_1846-3.png,sn,54.06,Review (Flagged for Double Check)
processed_1826-3.png,4.25.2号机OK/3/processed_1826-3.png,sn,60.55,Review (Flagged for Double Check)
processed_1854-3.png,4.25.2号机OK/3/processed_1854-3.png,sn,24.65,Review (Flagged for Double Check)
processed_1853-3.png,4.25.2号机OK/3/processed_1853-3.png,sn,51.96,Review (Flagged for Double Check)
processed_1842-3.png,4.25.2号机OK/3/processed_1842-3.png,sn,44.0,Review (Flagged for Double Check)
processed_1841-3.png,4.25.2号机OK/3/processed_1841-3.png,sn,45.08,Review (Flagged for Double Check)
processed_1840-3.png,4.25.2号机OK/3/processed_1840-3.png,sn,10.67,Review (Flagged for Double Check)
processed_1835-3.png,4.25.2号机OK/3/processed_1835-3.png,sn,39.18,Review (Flagged for Double Check)
processed_1866-3.png,4.25.2号机OK/3/processed_1866-3.png,mn,45.58,Review (Flagged for Double Check)
processed_1838-3.png,4.25.2号机OK/3/processed_1838-3.png,sn,55.31,Review (Flagged for Double Check)
processed_1862-3.png,4.25.2号机OK/3/processed_1862-3.png,sn,58.36,Review (Flagged for Double Check)
processed_1842-1.png,4.25.2号机OK/1/processed_1842-1.png,sn,75.46,Review (Flagged for Double Check)
processed_1867-1.png,4.25.2号机OK/1/processed_1867-1.png,o,90.97,Pass (Confirmed OK)
processed_1862-1.png,4.25.2号机OK/1/processed_1862-1.png,o,98.51,Pass (Confirmed OK)
processed_1846-1.png,4.25.2号机OK/1/processed_1846-1.png,sn,37.89,Review (Flagged for Double Check)
processed_1863-1.png,4.25.2号机OK/1/processed_1863-1.png,sn,65.5,Review (Flagged for Double Check)
processed_1860-1.png,4.25.2号机OK/1/processed_1860-1.png,sn,28.57,Review (Flagged for Double Check)
processed_1859-1.png,4.25.2号机OK/1/processed_1859-1.png,sn,23.61,Review (Flagged for Double Check)
processed_1866-1.png,4.25.2号机OK/1/processed_1866-1.png,sn,43.85,Review (Flagged for Double Check)
processed_1830-1.png,4.25.2号机OK/1/processed_1830-1.png,sn,55.09,Review (Flagged for Double Check)
processed_1835-1.png,4.25.2号机OK/1/processed_1835-1.png,o,98.95,Pass (Confirmed OK)
processed_1839-1.png,4.25.2号机OK/1/processed_1839-1.png,o,99.66,Pass (Confirmed OK)
processed_1843-1.png,4.25.2号机OK/1/processed_1843-1.png,sn,35.34,Review (Flagged for Double Check)
processed_1845-1.png,4.25.2号机OK/1/processed_1845-1.png,sn,70.15,Review (Flagged for Double Check)
processed_1852-1.png,4.25.2号机OK/1/processed_1852-1.png,sn,77.1,Review (Flagged for Double Check)
processed_1856-1.png,4.25.2号机OK/1/processed_1856-1.png,sn,55.29,Review (Flagged for Double Check)
processed_1834-1.png,4.25.2号机OK/1/processed_1834-1.png,sn,19.8,Review (Flagged for Double Check)
processed_1827-1.png,4.25.2号机OK/1/processed_1827-1.png,o,99.06,Pass (Confirmed OK)
processed_1868-1.png,4.25.2号机OK/1/processed_1868-1.png,sn,72.51,Review (Flagged for Double Check)
processed_1848-1.png,4.25.2号机OK/1/processed_1848-1.png,sn,16.82,Review (Flagged for Double Check)
processed_1858-1.png,4.25.2号机OK/1/processed_1858-1.png,sn,70.43,Review (Flagged for Double Check)
processed_1853-1.png,4.25.2号机OK/1/processed_1853-1.png,sn,39.43,Review (Flagged for Double Check)
processed_1825-1.png,4.25.2号机OK/1/processed_1825-1.png,sn,10.43,Review (Flagged for Double Check)
processed_1851-1.png,4.25.2号机OK/1/processed_1851-1.png,o,94.14,Pass (Confirmed OK)
processed_1847-1.png,4.25.2号机OK/1/processed_1847-1.png,sn,62.79,Review (Flagged for Double Check)
processed_1857-1.png,4.25.2号机OK/1/processed_1857-1.png,sn,70.29,Review (Flagged for Double Check)
processed_1831-1.png,4.25.2号机OK/1/processed_1831-1.png,sn,39.65,Review (Flagged for Double Check)
processed_1871-1.png,4.25.2号机OK/1/processed_1871-1.png,sn,46.27,Review (Flagged for Double Check)
processed_1869-1.png,4.25.2号机OK/1/processed_1869-1.png,sn,49.86,Review (Flagged for Double Check)
processed_1829-1.png,4.25.2号机OK/1/processed_1829-1.png,sn,18.12,Review (Flagged for Double Check)
processed_1864-1.png,4.25.2号机OK/1/processed_1864-1.png,sn,43.22,Review (Flagged for Double Check)
processed_1837-1.png,4.25.2号机OK/1/processed_1837-1.png,o,95.32,Pass (Confirmed OK)
processed_1824-1.png,4.25.2号机OK/1/processed_1824-1.png,sn,16.8,Review (Flagged for Double Check)
processed_1861-1.png,4.25.2号机OK/1/processed_1861-1.png,sn,82.02,Review (Flagged for Double Check)
processed_1828-1.png,4.25.2号机OK/1/processed_1828-1.png,sn,26.26,Review (Flagged for Double Check)
processed_1826-1.png,4.25.2号机OK/1/processed_1826-1.png,sn,67.67,Review (Flagged for Double Check)
processed_1855-1.png,4.25.2号机OK/1/processed_1855-1.png,o,93.96,Pass (Confirmed OK)
processed_1833-1.png,4.25.2号机OK/1/processed_1833-1.png,sn,15.04,Review (Flagged for Double Check)
processed_1854-1.png,4.25.2号机OK/1/processed_1854-1.png,sn,27.88,Review (Flagged for Double Check)
processed_1838-1.png,4.25.2号机OK/1/processed_1838-1.png,sn,59.54,Review (Flagged for Double Check)
processed_1844-1.png,4.25.2号机OK/1/processed_1844-1.png,sn,50.08,Review (Flagged for Double Check)
processed_1865-1.png,4.25.2号机OK/1/processed_1865-1.png,sn,44.22,Review (Flagged for Double Check)
processed_1870-1.png,4.25.2号机OK/1/processed_1870-1.png,sn,20.24,Review (Flagged for Double Check)
processed_1836-1.png,4.25.2号机OK/1/processed_1836-1.png,sn,14.48,Review (Flagged for Double Check)
processed_1849-1.png,4.25.2号机OK/1/processed_1849-1.png,o,91.73,Pass (Confirmed OK)
processed_1840-1.png,4.25.2号机OK/1/processed_1840-1.png,o,96.6,Pass (Confirmed OK)
processed_1832-1.png,4.25.2号机OK/1/processed_1832-1.png,o,90.88,Pass (Confirmed OK)
processed_1841-1.png,4.25.2号机OK/1/processed_1841-1.png,sn,15.73,Review (Flagged for Double Check)
processed_1850-1.png,4.25.2号机OK/1/processed_1850-1.png,sn,55.86,Review (Flagged for Double Check)
processed_1595-5.png,4.25.1号机OK/5/processed_1595-5.png,o,99.62,Pass (Confirmed OK)
processed_1643-5.png,4.25.1号机OK/5/processed_1643-5.png,o,99.96,Pass (Confirmed OK)
processed_1674-5.png,4.25.1号机OK/5/processed_1674-5.png,o,99.93,Pass (Confirmed OK)
processed_1585-5.png,4.25.1号机OK/5/processed_1585-5.png,o,99.98,Pass (Confirmed OK)
processed_1639-5.png,4.25.1号机OK/5/processed_1639-5.png,o,99.98,Pass (Confirmed OK)
processed_1681-5.png,4.25.1号机OK/5/processed_1681-5.png,sn,16.13,Review (Flagged for Double Check)
processed_1611-5.png,4.25.1号机OK/5/processed_1611-5.png,o,99.96,Pass (Confirmed OK)
processed_1583-5.png,4.25.1号机OK/5/processed_1583-5.png,o,99.68,Pass (Confirmed OK)
processed_1665-5.png,4.25.1号机OK/5/processed_1665-5.png,o,99.97,Pass (Confirmed OK)
processed_1365-5.png,4.25.1号机OK/5/processed_1365-5.png,o,99.26,Pass (Confirmed OK)
processed_1592-5.png,4.25.1号机OK/5/processed_1592-5.png,o,99.66,Pass (Confirmed OK)
processed_1573-5.png,4.25.1号机OK/5/processed_1573-5.png,o,99.92,Pass (Confirmed OK)
processed_1577-5.png,4.25.1号机OK/5/processed_1577-5.png,o,97.78,Pass (Confirmed OK)
processed_1641-5.png,4.25.1号机OK/5/processed_1641-5.png,o,99.89,Pass (Confirmed OK)
processed_1569-5.png,4.25.1号机OK/5/processed_1569-5.png,o,99.69,Pass (Confirmed OK)
processed_1459-5.png,4.25.1号机OK/5/processed_1459-5.png,o,99.77,Pass (Confirmed OK)
processed_1581-5.png,4.25.1号机OK/5/processed_1581-5.png,o,99.77,Pass (Confirmed OK)
processed_1582-5.png,4.25.1号机OK/5/processed_1582-5.png,o,99.76,Pass (Confirmed OK)
processed_1647-5.png,4.25.1号机OK/5/processed_1647-5.png,o,99.78,Pass (Confirmed OK)
processed_1626-5.png,4.25.1号机OK/5/processed_1626-5.png,o,99.87,Pass (Confirmed OK)
processed_1615-5.png,4.25.1号机OK/5/processed_1615-5.png,o,99.99,Pass (Confirmed OK)
processed_1575-5.png,4.25.1号机OK/5/processed_1575-5.png,sn,10.38,Review (Flagged for Double Check)
processed_1622-5.png,4.25.1号机OK/5/processed_1622-5.png,o,99.9,Pass (Confirmed OK)
processed_1576-5.png,4.25.1号机OK/5/processed_1576-5.png,o,91.56,Pass (Confirmed OK)
processed_1605-5.png,4.25.1号机OK/5/processed_1605-5.png,o,99.86,Pass (Confirmed OK)
processed_1393-5.png,4.25.1号机OK/5/processed_1393-5.png,o,92.04,Pass (Confirmed OK)
processed_1589-5.png,4.25.1号机OK/5/processed_1589-5.png,o,99.95,Pass (Confirmed OK)
processed_1599-5.png,4.25.1号机OK/5/processed_1599-5.png,o,99.86,Pass (Confirmed OK)
processed_1407-5.png,4.25.1号机OK/5/processed_1407-5.png,o,95.56,Pass (Confirmed OK)
processed_1586-5.png,4.25.1号机OK/5/processed_1586-5.png,o,99.71,Pass (Confirmed OK)
processed_1662-5.png,4.25.1号机OK/5/processed_1662-5.png,o,99.97,Pass (Confirmed OK)
processed_1675-5.png,4.25.1号机OK/5/processed_1675-5.png,o,98.06,Pass (Confirmed OK)
processed_1425-5.png,4.25.1号机OK/5/processed_1425-5.png,o,99.43,Pass (Confirmed OK)
processed_1572-5.png,4.25.1号机OK/5/processed_1572-5.png,o,98.44,Pass (Confirmed OK)
processed_1598-5.png,4.25.1号机OK/5/processed_1598-5.png,o,99.86,Pass (Confirmed OK)
processed_1677-5.png,4.25.1号机OK/5/processed_1677-5.png,sn,9.35,Review (Flagged for Double Check)
processed_1614-5.png,4.25.1号机OK/5/processed_1614-5.png,o,99.94,Pass (Confirmed OK)
processed_1440-5.png,4.25.1号机OK/5/processed_1440-5.png,sn,14.18,Review (Flagged for Double Check)
processed_1601-5.png,4.25.1号机OK/5/processed_1601-5.png,o,99.98,Pass (Confirmed OK)
processed_1523-5.png,4.25.1号机OK/5/processed_1523-5.png,o,99.96,Pass (Confirmed OK)
processed_1680-5.png,4.25.1号机OK/5/processed_1680-5.png,o,98.41,Pass (Confirmed OK)
processed_1578-5.png,4.25.1号机OK/5/processed_1578-5.png,o,99.88,Pass (Confirmed OK)
processed_1640-5.png,4.25.1号机OK/5/processed_1640-5.png,o,99.99,Pass (Confirmed OK)
processed_1617-5.png,4.25.1号机OK/5/processed_1617-5.png,o,99.69,Pass (Confirmed OK)
processed_1610-5.png,4.25.1号机OK/5/processed_1610-5.png,o,99.99,Pass (Confirmed OK)
processed_1593-5.png,4.25.1号机OK/5/processed_1593-5.png,o,99.97,Pass (Confirmed OK)
processed_1359-5.png,4.25.1号机OK/5/processed_1359-5.png,o,99.29,Pass (Confirmed OK)
processed_1642-5.png,4.25.1号机OK/5/processed_1642-5.png,o,99.43,Pass (Confirmed OK)
processed_1596-5.png,4.25.1号机OK/5/processed_1596-5.png,o,99.97,Pass (Confirmed OK)
processed_1637-5.png,4.25.1号机OK/5/processed_1637-5.png,o,99.99,Pass (Confirmed OK)
processed_1676-5.png,4.25.1号机OK/5/processed_1676-5.png,o,99.52,Pass (Confirmed OK)
processed_1606-5.png,4.25.1号机OK/5/processed_1606-5.png,o,99.85,Pass (Confirmed OK)
processed_1609-5.png,4.25.1号机OK/5/processed_1609-5.png,o,99.93,Pass (Confirmed OK)
processed_1660-5.png,4.25.1号机OK/5/processed_1660-5.png,o,99.86,Pass (Confirmed OK)
processed_1666-5.png,4.25.1号机OK/5/processed_1666-5.png,o,99.91,Pass (Confirmed OK)
processed_1635-5.png,4.25.1号机OK/5/processed_1635-5.png,o,99.98,Pass (Confirmed OK)
processed_1629-5.png,4.25.1号机OK/5/processed_1629-5.png,o,99.99,Pass (Confirmed OK)
processed_1587-5.png,4.25.1号机OK/5/processed_1587-5.png,o,99.45,Pass (Confirmed OK)
processed_1571-5.png,4.25.1号机OK/5/processed_1571-5.png,o,99.82,Pass (Confirmed OK)
processed_1663-5.png,4.25.1号机OK/5/processed_1663-5.png,o,99.97,Pass (Confirmed OK)
processed_1654-5.png,4.25.1号机OK/5/processed_1654-5.png,o,99.99,Pass (Confirmed OK)
processed_1646-5.png,4.25.1号机OK/5/processed_1646-5.png,o,99.91,Pass (Confirmed OK)
processed_1602-5.png,4.25.1号机OK/5/processed_1602-5.png,o,99.92,Pass (Confirmed OK)
processed_1616-5.png,4.25.1号机OK/5/processed_1616-5.png,o,99.99,Pass (Confirmed OK)
processed_1636-5.png,4.25.1号机OK/5/processed_1636-5.png,o,99.92,Pass (Confirmed OK)
processed_1658-5.png,4.25.1号机OK/5/processed_1658-5.png,o,99.8,Pass (Confirmed OK)
processed_1607-5.png,4.25.1号机OK/5/processed_1607-5.png,o,99.95,Pass (Confirmed OK)
processed_1594-5.png,4.25.1号机OK/5/processed_1594-5.png,o,99.73,Pass (Confirmed OK)
processed_1618-5.png,4.25.1号机OK/5/processed_1618-5.png,o,99.95,Pass (Confirmed OK)
processed_1624-5.png,4.25.1号机OK/5/processed_1624-5.png,o,99.51,Pass (Confirmed OK)
processed_1672-5.png,4.25.1号机OK/5/processed_1672-5.png,o,99.87,Pass (Confirmed OK)
processed_1574-5.png,4.25.1号机OK/5/processed_1574-5.png,o,99.89,Pass (Confirmed OK)
processed_1541-5.png,4.25.1号机OK/5/processed_1541-5.png,o,99.88,Pass (Confirmed OK)
processed_1600-5.png,4.25.1号机OK/5/processed_1600-5.png,o,99.98,Pass (Confirmed OK)
processed_1603-5.png,4.25.1号机OK/5/processed_1603-5.png,o,99.98,Pass (Confirmed OK)
processed_1620-5.png,4.25.1号机OK/5/processed_1620-5.png,o,99.96,Pass (Confirmed OK)
processed_1668-5.png,4.25.1号机OK/5/processed_1668-5.png,o,99.9,Pass (Confirmed OK)
processed_1661-5.png,4.25.1号机OK/5/processed_1661-5.png,o,99.96,Pass (Confirmed OK)
processed_1588-5.png,4.25.1号机OK/5/processed_1588-5.png,o,99.97,Pass (Confirmed OK)
processed_1634-5.png,4.25.1号机OK/5/processed_1634-5.png,o,99.43,Pass (Confirmed OK)
processed_1395-5.png,4.25.1号机OK/5/processed_1395-5.png,o,99.75,Pass (Confirmed OK)
processed_1664-5.png,4.25.1号机OK/5/processed_1664-5.png,o,99.96,Pass (Confirmed OK)
processed_1648-5.png,4.25.1号机OK/5/processed_1648-5.png,o,99.96,Pass (Confirmed OK)
processed_1388-5.png,4.25.1号机OK/5/processed_1388-5.png,o,99.94,Pass (Confirmed OK)
processed_1656-5.png,4.25.1号机OK/5/processed_1656-5.png,o,99.93,Pass (Confirmed OK)
processed_1597-5.png,4.25.1号机OK/5/processed_1597-5.png,o,99.96,Pass (Confirmed OK)
processed_1544-5.png,4.25.1号机OK/5/processed_1544-5.png,o,99.49,Pass (Confirmed OK)
processed_1633-5.png,4.25.1号机OK/5/processed_1633-5.png,o,99.86,Pass (Confirmed OK)
processed_1621-5.png,4.25.1号机OK/5/processed_1621-5.png,o,99.82,Pass (Confirmed OK)
processed_1631-5.png,4.25.1号机OK/5/processed_1631-5.png,o,98.02,Pass (Confirmed OK)
processed_1673-5.png,4.25.1号机OK/5/processed_1673-5.png,o,93.57,Pass (Confirmed OK)
processed_1628-5.png,4.25.1号机OK/5/processed_1628-5.png,o,99.97,Pass (Confirmed OK)
processed_1613-5.png,4.25.1号机OK/5/processed_1613-5.png,o,99.95,Pass (Confirmed OK)
processed_1579-5.png,4.25.1号机OK/5/processed_1579-5.png,o,98.31,Pass (Confirmed OK)
processed_1649-5.png,4.25.1号机OK/5/processed_1649-5.png,o,99.96,Pass (Confirmed OK)
processed_1644-5.png,4.25.1号机OK/5/processed_1644-5.png,o,99.91,Pass (Confirmed OK)
processed_1651-5.png,4.25.1号机OK/5/processed_1651-5.png,o,99.96,Pass (Confirmed OK)
processed_1590-5.png,4.25.1号机OK/5/processed_1590-5.png,o,99.87,Pass (Confirmed OK)
processed_1430-5.png,4.25.1号机OK/5/processed_1430-5.png,o,98.37,Pass (Confirmed OK)
processed_1612-5.png,4.25.1号机OK/5/processed_1612-5.png,o,100.0,Pass (Confirmed OK)
processed_1655-5.png,4.25.1号机OK/5/processed_1655-5.png,o,99.98,Pass (Confirmed OK)
processed_1630-5.png,4.25.1号机OK/5/processed_1630-5.png,o,99.1,Pass (Confirmed OK)
processed_1669-5.png,4.25.1号机OK/5/processed_1669-5.png,o,99.23,Pass (Confirmed OK)
processed_1623-5.png,4.25.1号机OK/5/processed_1623-5.png,o,99.97,Pass (Confirmed OK)
processed_1604-5.png,4.25.1号机OK/5/processed_1604-5.png,o,99.83,Pass (Confirmed OK)
processed_1384-5.png,4.25.1号机OK/5/processed_1384-5.png,o,94.94,Pass (Confirmed OK)
processed_1591-5.png,4.25.1号机OK/5/processed_1591-5.png,o,99.72,Pass (Confirmed OK)
processed_1570-5.png,4.25.1号机OK/5/processed_1570-5.png,o,99.5,Pass (Confirmed OK)
processed_1645-5.png,4.25.1号机OK/5/processed_1645-5.png,o,99.98,Pass (Confirmed OK)
processed_1659-5.png,4.25.1号机OK/5/processed_1659-5.png,o,99.86,Pass (Confirmed OK)
processed_1580-5.png,4.25.1号机OK/5/processed_1580-5.png,o,97.39,Pass (Confirmed OK)
processed_1678-5.png,4.25.1号机OK/5/processed_1678-5.png,o,98.67,Pass (Confirmed OK)
processed_1657-5.png,4.25.1号机OK/5/processed_1657-5.png,o,99.35,Pass (Confirmed OK)
processed_1608-5.png,4.25.1号机OK/5/processed_1608-5.png,o,99.96,Pass (Confirmed OK)
processed_1671-5.png,4.25.1号机OK/5/processed_1671-5.png,o,99.9,Pass (Confirmed OK)
processed_1638-5.png,4.25.1号机OK/5/processed_1638-5.png,o,99.94,Pass (Confirmed OK)
processed_1667-5.png,4.25.1号机OK/5/processed_1667-5.png,o,99.8,Pass (Confirmed OK)
processed_1679-5.png,4.25.1号机OK/5/processed_1679-5.png,o,93.29,Pass (Confirmed OK)
processed_1653-5.png,4.25.1号机OK/5/processed_1653-5.png,o,99.93,Pass (Confirmed OK)
processed_1427-5.png,4.25.1号机OK/5/processed_1427-5.png,o,99.79,Pass (Confirmed OK)
processed_1607-9.png,4.25.1号机OK/9/processed_1607-9.png,sn,58.08,Review (Flagged for Double Check)
processed_1427-9.png,4.25.1号机OK/9/processed_1427-9.png,sn,49.63,Review (Flagged for Double Check)
processed_1617-9.png,4.25.1号机OK/9/processed_1617-9.png,sn,13.37,Review (Flagged for Double Check)
processed_1637-9.png,4.25.1号机OK/9/processed_1637-9.png,sn,43.9,Review (Flagged for Double Check)
processed_1628-9.png,4.25.1号机OK/9/processed_1628-9.png,sn,16.62,Review (Flagged for Double Check)
processed_1613-9.png,4.25.1号机OK/9/processed_1613-9.png,sn,12.07,Review (Flagged for Double Check)
processed_1597-9.png,4.25.1号机OK/9/processed_1597-9.png,sn,11.08,Review (Flagged for Double Check)
processed_1602-9.png,4.25.1号机OK/9/processed_1602-9.png,sn,42.34,Review (Flagged for Double Check)
processed_1661-9.png,4.25.1号机OK/9/processed_1661-9.png,sn,60.79,Review (Flagged for Double Check)
processed_1649-9.png,4.25.1号机OK/9/processed_1649-9.png,o,98.33,Pass (Confirmed OK)
processed_1638-9.png,4.25.1号机OK/9/processed_1638-9.png,sn,35.05,Review (Flagged for Double Check)
processed_1580-9.png,4.25.1号机OK/9/processed_1580-9.png,sn,51.23,Review (Flagged for Double Check)
processed_1663-9.png,4.25.1号机OK/9/processed_1663-9.png,sn,57.14,Review (Flagged for Double Check)
processed_1642-9.png,4.25.1号机OK/9/processed_1642-9.png,sn,16.86,Review (Flagged for Double Check)
processed_1636-9.png,4.25.1号机OK/9/processed_1636-9.png,sn,54.25,Review (Flagged for Double Check)
processed_1592-9.png,4.25.1号机OK/9/processed_1592-9.png,sn,57.29,Review (Flagged for Double Check)
processed_1633-9.png,4.25.1号机OK/9/processed_1633-9.png,o,97.7,Pass (Confirmed OK)
processed_1585-9.png,4.25.1号机OK/9/processed_1585-9.png,sn,26.93,Review (Flagged for Double Check)
processed_1609-9.png,4.25.1号机OK/9/processed_1609-9.png,o,94.34,Pass (Confirmed OK)
processed_1675-9.png,4.25.1号机OK/9/processed_1675-9.png,sn,55.17,Review (Flagged for Double Check)
processed_1590-9.png,4.25.1号机OK/9/processed_1590-9.png,sn,42.7,Review (Flagged for Double Check)
processed_1576-9.png,4.25.1号机OK/9/processed_1576-9.png,mn,36.88,Review (Flagged for Double Check)
processed_1603-9.png,4.25.1号机OK/9/processed_1603-9.png,sn,13.61,Review (Flagged for Double Check)
processed_1583-9.png,4.25.1号机OK/9/processed_1583-9.png,sn,45.39,Review (Flagged for Double Check)
processed_1622-9.png,4.25.1号机OK/9/processed_1622-9.png,sn,21.72,Review (Flagged for Double Check)
processed_1654-9.png,4.25.1号机OK/9/processed_1654-9.png,sn,62.41,Review (Flagged for Double Check)
processed_1610-9.png,4.25.1号机OK/9/processed_1610-9.png,sn,53.17,Review (Flagged for Double Check)
processed_1635-9.png,4.25.1号机OK/9/processed_1635-9.png,sn,58.51,Review (Flagged for Double Check)
processed_1614-9.png,4.25.1号机OK/9/processed_1614-9.png,sn,42.52,Review (Flagged for Double Check)
processed_1393-9.png,4.25.1号机OK/9/processed_1393-9.png,sn,46.31,Review (Flagged for Double Check)
processed_1459-9.png,4.25.1号机OK/9/processed_1459-9.png,sn,49.84,Review (Flagged for Double Check)
processed_1656-9.png,4.25.1号机OK/9/processed_1656-9.png,sn,67.65,Review (Flagged for Double Check)
processed_1664-9.png,4.25.1号机OK/9/processed_1664-9.png,sn,67.33,Review (Flagged for Double Check)
processed_1595-9.png,4.25.1号机OK/9/processed_1595-9.png,sf,7.39,Review (Flagged for Double Check)
processed_1616-9.png,4.25.1号机OK/9/processed_1616-9.png,o,92.16,Pass (Confirmed OK)
processed_1647-9.png,4.25.1号机OK/9/processed_1647-9.png,sn,60.56,Review (Flagged for Double Check)
processed_1594-9.png,4.25.1号机OK/9/processed_1594-9.png,sn,5.64,Review (Flagged for Double Check)
processed_1440-9.png,4.25.1号机OK/9/processed_1440-9.png,mn,47.24,Review (Flagged for Double Check)
processed_1672-9.png,4.25.1号机OK/9/processed_1672-9.png,sn,68.65,Review (Flagged for Double Check)
processed_1668-9.png,4.25.1号机OK/9/processed_1668-9.png,sn,62.61,Review (Flagged for Double Check)
processed_1593-9.png,4.25.1号机OK/9/processed_1593-9.png,sn,47.96,Review (Flagged for Double Check)
processed_1657-9.png,4.25.1号机OK/9/processed_1657-9.png,sn,63.11,Review (Flagged for Double Check)
processed_1662-9.png,4.25.1号机OK/9/processed_1662-9.png,mn,53.44,Review (Flagged for Double Check)
processed_1643-9.png,4.25.1号机OK/9/processed_1643-9.png,sn,48.76,Review (Flagged for Double Check)
processed_1665-9.png,4.25.1号机OK/9/processed_1665-9.png,sn,66.58,Review (Flagged for Double Check)
processed_1596-9.png,4.25.1号机OK/9/processed_1596-9.png,o,99.12,Pass (Confirmed OK)
processed_1523-9.png,4.25.1号机OK/9/processed_1523-9.png,sn,62.24,Review (Flagged for Double Check)
processed_1623-9.png,4.25.1号机OK/9/processed_1623-9.png,sn,14.93,Review (Flagged for Double Check)
processed_1676-9.png,4.25.1号机OK/9/processed_1676-9.png,sn,69.06,Review (Flagged for Double Check)
processed_1634-9.png,4.25.1号机OK/9/processed_1634-9.png,o,92.24,Pass (Confirmed OK)
processed_1601-9.png,4.25.1号机OK/9/processed_1601-9.png,sn,63.63,Review (Flagged for Double Check)
processed_1641-9.png,4.25.1号机OK/9/processed_1641-9.png,sn,62.95,Review (Flagged for Double Check)
processed_1645-9.png,4.25.1号机OK/9/processed_1645-9.png,sn,54.45,Review (Flagged for Double Check)
processed_1653-9.png,4.25.1号机OK/9/processed_1653-9.png,sn,59.89,Review (Flagged for Double Check)
processed_1639-9.png,4.25.1号机OK/9/processed_1639-9.png,sn,55.74,Review (Flagged for Double Check)
processed_1640-9.png,4.25.1号机OK/9/processed_1640-9.png,sn,47.54,Review (Flagged for Double Check)
processed_1669-9.png,4.25.1号机OK/9/processed_1669-9.png,sn,67.05,Review (Flagged for Double Check)
processed_1544-9.png,4.25.1号机OK/9/processed_1544-9.png,sn,50.46,Review (Flagged for Double Check)
processed_1618-9.png,4.25.1号机OK/9/processed_1618-9.png,sn,16.5,Review (Flagged for Double Check)
processed_1666-9.png,4.25.1号机OK/9/processed_1666-9.png,sn,44.49,Review (Flagged for Double Check)
processed_1658-9.png,4.25.1号机OK/9/processed_1658-9.png,sn,63.52,Review (Flagged for Double Check)
processed_1384-9.png,4.25.1号机OK/9/processed_1384-9.png,sn,21.89,Review (Flagged for Double Check)
processed_1395-9.png,4.25.1号机OK/9/processed_1395-9.png,sn,42.46,Review (Flagged for Double Check)
processed_1673-9.png,4.25.1号机OK/9/processed_1673-9.png,sn,57.91,Review (Flagged for Double Check)
processed_1541-9.png,4.25.1号机OK/9/processed_1541-9.png,sn,29.74,Review (Flagged for Double Check)
processed_1587-9.png,4.25.1号机OK/9/processed_1587-9.png,sn,32.48,Review (Flagged for Double Check)
processed_1611-9.png,4.25.1号机OK/9/processed_1611-9.png,sn,23.92,Review (Flagged for Double Check)
processed_1572-9.png,4.25.1号机OK/9/processed_1572-9.png,o,98.33,Pass (Confirmed OK)
processed_1651-9.png,4.25.1号机OK/9/processed_1651-9.png,sn,49.66,Review (Flagged for Double Check)
processed_1624-9.png,4.25.1号机OK/9/processed_1624-9.png,o,93.19,Pass (Confirmed OK)
processed_1588-9.png,4.25.1号机OK/9/processed_1588-9.png,sn,33.09,Review (Flagged for Double Check)
processed_1570-9.png,4.25.1号机OK/9/processed_1570-9.png,sn,55.49,Review (Flagged for Double Check)
processed_1599-9.png,4.25.1号机OK/9/processed_1599-9.png,sf,76.28,Review (Flagged for Double Check)
processed_1600-9.png,4.25.1号机OK/9/processed_1600-9.png,sn,18.92,Review (Flagged for Double Check)
processed_1359-9.png,4.25.1号机OK/9/processed_1359-9.png,mn,41.42,Review (Flagged for Double Check)
processed_1629-9.png,4.25.1号机OK/9/processed_1629-9.png,sn,56.82,Review (Flagged for Double Check)
processed_1655-9.png,4.25.1号机OK/9/processed_1655-9.png,sn,54.29,Review (Flagged for Double Check)
processed_1571-9.png,4.25.1号机OK/9/processed_1571-9.png,sn,63.02,Review (Flagged for Double Check)
processed_1581-9.png,4.25.1号机OK/9/processed_1581-9.png,sn,29.4,Review (Flagged for Double Check)
processed_1681-9.png,4.25.1号机OK/9/processed_1681-9.png,sn,45.84,Review (Flagged for Double Check)
processed_1407-9.png,4.25.1号机OK/9/processed_1407-9.png,sn,54.3,Review (Flagged for Double Check)
processed_1630-9.png,4.25.1号机OK/9/processed_1630-9.png,sn,55.18,Review (Flagged for Double Check)
processed_1612-9.png,4.25.1号机OK/9/processed_1612-9.png,sn,33.37,Review (Flagged for Double Check)
processed_1575-9.png,4.25.1号机OK/9/processed_1575-9.png,sn,64.5,Review (Flagged for Double Check)
processed_1644-9.png,4.25.1号机OK/9/processed_1644-9.png,sn,34.43,Review (Flagged for Double Check)
processed_1646-9.png,4.25.1号机OK/9/processed_1646-9.png,o,96.31,Pass (Confirmed OK)
processed_1569-9.png,4.25.1号机OK/9/processed_1569-9.png,sn,64.99,Review (Flagged for Double Check)
processed_1608-9.png,4.25.1号机OK/9/processed_1608-9.png,sn,39.16,Review (Flagged for Double Check)
processed_1591-9.png,4.25.1号机OK/9/processed_1591-9.png,sn,41.96,Review (Flagged for Double Check)
processed_1365-9.png,4.25.1号机OK/9/processed_1365-9.png,o,96.98,Pass (Confirmed OK)
processed_1430-9.png,4.25.1号机OK/9/processed_1430-9.png,sn,43.05,Review (Flagged for Double Check)
processed_1388-9.png,4.25.1号机OK/9/processed_1388-9.png,sn,52.62,Review (Flagged for Double Check)
processed_1578-9.png,4.25.1号机OK/9/processed_1578-9.png,sn,46.15,Review (Flagged for Double Check)
processed_1577-9.png,4.25.1号机OK/9/processed_1577-9.png,sn,53.01,Review (Flagged for Double Check)
processed_1579-9.png,4.25.1号机OK/9/processed_1579-9.png,sn,60.71,Review (Flagged for Double Check)
processed_1598-9.png,4.25.1号机OK/9/processed_1598-9.png,sn,34.02,Review (Flagged for Double Check)
processed_1620-9.png,4.25.1号机OK/9/processed_1620-9.png,o,97.46,Pass (Confirmed OK)
processed_1604-9.png,4.25.1号机OK/9/processed_1604-9.png,sn,67.79,Review (Flagged for Double Check)
processed_1659-9.png,4.25.1号机OK/9/processed_1659-9.png,sn,69.51,Review (Flagged for Double Check)
processed_1674-9.png,4.25.1号机OK/9/processed_1674-9.png,sn,48.0,Review (Flagged for Double Check)
processed_1660-9.png,4.25.1号机OK/9/processed_1660-9.png,sn,49.52,Review (Flagged for Double Check)
processed_1626-9.png,4.25.1号机OK/9/processed_1626-9.png,o,92.0,Pass (Confirmed OK)
processed_1680-9.png,4.25.1号机OK/9/processed_1680-9.png,sn,51.07,Review (Flagged for Double Check)
processed_1679-9.png,4.25.1号机OK/9/processed_1679-9.png,sn,70.84,Review (Flagged for Double Check)
processed_1606-9.png,4.25.1号机OK/9/processed_1606-9.png,sn,58.55,Review (Flagged for Double Check)
processed_1677-9.png,4.25.1号机OK/9/processed_1677-9.png,sn,56.24,Review (Flagged for Double Check)
processed_1586-9.png,4.25.1号机OK/9/processed_1586-9.png,sn,33.29,Review (Flagged for Double Check)
processed_1615-9.png,4.25.1号机OK/9/processed_1615-9.png,sn,29.48,Review (Flagged for Double Check)
processed_1582-9.png,4.25.1号机OK/9/processed_1582-9.png,o,97.47,Pass (Confirmed OK)
processed_1631-9.png,4.25.1号机OK/9/processed_1631-9.png,sn,49.99,Review (Flagged for Double Check)
processed_1648-9.png,4.25.1号机OK/9/processed_1648-9.png,o,91.5,Pass (Confirmed OK)
processed_1621-9.png,4.25.1号机OK/9/processed_1621-9.png,o,91.63,Pass (Confirmed OK)
processed_1425-9.png,4.25.1号机OK/9/processed_1425-9.png,mn,47.19,Review (Flagged for Double Check)
processed_1667-9.png,4.25.1号机OK/9/processed_1667-9.png,sn,56.21,Review (Flagged for Double Check)
processed_1574-9.png,4.25.1号机OK/9/processed_1574-9.png,sn,56.54,Review (Flagged for Double Check)
processed_1678-9.png,4.25.1号机OK/9/processed_1678-9.png,sn,58.79,Review (Flagged for Double Check)
processed_1573-9.png,4.25.1号机OK/9/processed_1573-9.png,sn,64.15,Review (Flagged for Double Check)
processed_1589-9.png,4.25.1号机OK/9/processed_1589-9.png,sn,14.24,Review (Flagged for Double Check)
processed_1671-9.png,4.25.1号机OK/9/processed_1671-9.png,sn,24.24,Review (Flagged for Double Check)
processed_1605-9.png,4.25.1号机OK/9/processed_1605-9.png,sn,32.95,Review (Flagged for Double Check)
processed_1586-7.png,4.25.1号机OK/7/processed_1586-7.png,sn,68.71,Review (Flagged for Double Check)
processed_1440-7.png,4.25.1号机OK/7/processed_1440-7.png,sn,65.67,Review (Flagged for Double Check)
processed_1578-7.png,4.25.1号机OK/7/processed_1578-7.png,sn,81.01,Review (Flagged for Double Check)
processed_1654-7.png,4.25.1号机OK/7/processed_1654-7.png,sn,82.5,Review (Flagged for Double Check)
processed_1677-7.png,4.25.1号机OK/7/processed_1677-7.png,sn,53.54,Review (Flagged for Double Check)
processed_1593-7.png,4.25.1号机OK/7/processed_1593-7.png,sn,74.94,Review (Flagged for Double Check)
processed_1663-7.png,4.25.1号机OK/7/processed_1663-7.png,sn,80.79,Review (Flagged for Double Check)
processed_1606-7.png,4.25.1号机OK/7/processed_1606-7.png,sn,41.63,Review (Flagged for Double Check)
processed_1667-7.png,4.25.1号机OK/7/processed_1667-7.png,sn,57.28,Review (Flagged for Double Check)
processed_1393-7.png,4.25.1号机OK/7/processed_1393-7.png,o,96.99,Pass (Confirmed OK)
processed_1588-7.png,4.25.1号机OK/7/processed_1588-7.png,sn,50.91,Review (Flagged for Double Check)
processed_1679-7.png,4.25.1号机OK/7/processed_1679-7.png,o,90.69,Pass (Confirmed OK)
processed_1569-7.png,4.25.1号机OK/7/processed_1569-7.png,sn,33.22,Review (Flagged for Double Check)
processed_1523-7.png,4.25.1号机OK/7/processed_1523-7.png,sn,49.2,Review (Flagged for Double Check)
processed_1630-7.png,4.25.1号机OK/7/processed_1630-7.png,sn,39.91,Review (Flagged for Double Check)
processed_1384-7.png,4.25.1号机OK/7/processed_1384-7.png,o,99.07,Pass (Confirmed OK)
processed_1612-7.png,4.25.1号机OK/7/processed_1612-7.png,sn,85.43,Review (Flagged for Double Check)
processed_1624-7.png,4.25.1号机OK/7/processed_1624-7.png,o,98.73,Pass (Confirmed OK)
processed_1640-7.png,4.25.1号机OK/7/processed_1640-7.png,sn,44.65,Review (Flagged for Double Check)
processed_1541-7.png,4.25.1号机OK/7/processed_1541-7.png,sn,26.04,Review (Flagged for Double Check)
processed_1680-7.png,4.25.1号机OK/7/processed_1680-7.png,sn,19.2,Review (Flagged for Double Check)
processed_1651-7.png,4.25.1号机OK/7/processed_1651-7.png,o,95.83,Pass (Confirmed OK)
processed_1658-7.png,4.25.1号机OK/7/processed_1658-7.png,sn,70.87,Review (Flagged for Double Check)
processed_1608-7.png,4.25.1号机OK/7/processed_1608-7.png,sn,20.16,Review (Flagged for Double Check)
processed_1672-7.png,4.25.1号机OK/7/processed_1672-7.png,sn,50.66,Review (Flagged for Double Check)
processed_1575-7.png,4.25.1号机OK/7/processed_1575-7.png,sn,57.97,Review (Flagged for Double Check)
processed_1576-7.png,4.25.1号机OK/7/processed_1576-7.png,mn,41.58,Review (Flagged for Double Check)
processed_1673-7.png,4.25.1号机OK/7/processed_1673-7.png,sn,13.18,Review (Flagged for Double Check)
processed_1388-7.png,4.25.1号机OK/7/processed_1388-7.png,sn,15.32,Review (Flagged for Double Check)
processed_1579-7.png,4.25.1号机OK/7/processed_1579-7.png,sn,68.23,Review (Flagged for Double Check)
processed_1572-7.png,4.25.1号机OK/7/processed_1572-7.png,sn,67.05,Review (Flagged for Double Check)
processed_1653-7.png,4.25.1号机OK/7/processed_1653-7.png,sn,52.24,Review (Flagged for Double Check)
processed_1675-7.png,4.25.1号机OK/7/processed_1675-7.png,sn,62.13,Review (Flagged for Double Check)
processed_1581-7.png,4.25.1号机OK/7/processed_1581-7.png,sn,65.49,Review (Flagged for Double Check)
processed_1615-7.png,4.25.1号机OK/7/processed_1615-7.png,o,91.4,Pass (Confirmed OK)
processed_1587-7.png,4.25.1号机OK/7/processed_1587-7.png,sn,63.4,Review (Flagged for Double Check)
processed_1674-7.png,4.25.1号机OK/7/processed_1674-7.png,mn,42.66,Review (Flagged for Double Check)
processed_1626-7.png,4.25.1号机OK/7/processed_1626-7.png,o,99.66,Pass (Confirmed OK)
processed_1664-7.png,4.25.1号机OK/7/processed_1664-7.png,o,99.72,Pass (Confirmed OK)
processed_1573-7.png,4.25.1号机OK/7/processed_1573-7.png,sn,72.92,Review (Flagged for Double Check)
processed_1662-7.png,4.25.1号机OK/7/processed_1662-7.png,mn,52.06,Review (Flagged for Double Check)
processed_1649-7.png,4.25.1号机OK/7/processed_1649-7.png,o,99.93,Pass (Confirmed OK)
processed_1621-7.png,4.25.1号机OK/7/processed_1621-7.png,o,93.21,Pass (Confirmed OK)
processed_1644-7.png,4.25.1号机OK/7/processed_1644-7.png,sn,64.21,Review (Flagged for Double Check)
processed_1659-7.png,4.25.1号机OK/7/processed_1659-7.png,sn,67.19,Review (Flagged for Double Check)
processed_1678-7.png,4.25.1号机OK/7/processed_1678-7.png,sn,62.62,Review (Flagged for Double Check)
processed_1459-7.png,4.25.1号机OK/7/processed_1459-7.png,sn,53.87,Review (Flagged for Double Check)
processed_1600-7.png,4.25.1号机OK/7/processed_1600-7.png,sn,78.61,Review (Flagged for Double Check)
processed_1592-7.png,4.25.1号机OK/7/processed_1592-7.png,sn,40.02,Review (Flagged for Double Check)
processed_1571-7.png,4.25.1号机OK/7/processed_1571-7.png,sn,81.76,Review (Flagged for Double Check)
processed_1637-7.png,4.25.1号机OK/7/processed_1637-7.png,o,96.37,Pass (Confirmed OK)
processed_1633-7.png,4.25.1号机OK/7/processed_1633-7.png,o,99.66,Pass (Confirmed OK)
processed_1634-7.png,4.25.1号机OK/7/processed_1634-7.png,o,99.43,Pass (Confirmed OK)
processed_1648-7.png,4.25.1号机OK/7/processed_1648-7.png,o,92.85,Pass (Confirmed OK)
processed_1594-7.png,4.25.1号机OK/7/processed_1594-7.png,o,90.89,Pass (Confirmed OK)
processed_1669-7.png,4.25.1号机OK/7/processed_1669-7.png,o,99.02,Pass (Confirmed OK)
processed_1602-7.png,4.25.1号机OK/7/processed_1602-7.png,sn,56.53,Review (Flagged for Double Check)
processed_1430-7.png,4.25.1号机OK/7/processed_1430-7.png,sn,80.49,Review (Flagged for Double Check)
processed_1629-7.png,4.25.1号机OK/7/processed_1629-7.png,o,97.67,Pass (Confirmed OK)
processed_1544-7.png,4.25.1号机OK/7/processed_1544-7.png,sn,12.82,Review (Flagged for Double Check)
processed_1603-7.png,4.25.1号机OK/7/processed_1603-7.png,o,96.43,Pass (Confirmed OK)
processed_1359-7.png,4.25.1号机OK/7/processed_1359-7.png,sn,76.83,Review (Flagged for Double Check)
processed_1646-7.png,4.25.1号机OK/7/processed_1646-7.png,o,98.35,Pass (Confirmed OK)
processed_1607-7.png,4.25.1号机OK/7/processed_1607-7.png,sn,50.85,Review (Flagged for Double Check)
processed_1656-7.png,4.25.1号机OK/7/processed_1656-7.png,sn,32.03,Review (Flagged for Double Check)
processed_1671-7.png,4.25.1号机OK/7/processed_1671-7.png,sn,46.66,Review (Flagged for Double Check)
processed_1590-7.png,4.25.1号机OK/7/processed_1590-7.png,sn,69.12,Review (Flagged for Double Check)
processed_1577-7.png,4.25.1号机OK/7/processed_1577-7.png,xn,47.08,Review (Flagged for Double Check)
processed_1655-7.png,4.25.1号机OK/7/processed_1655-7.png,sn,71.49,Review (Flagged for Double Check)
processed_1676-7.png,4.25.1号机OK/7/processed_1676-7.png,sn,22.27,Review (Flagged for Double Check)
processed_1589-7.png,4.25.1号机OK/7/processed_1589-7.png,o,94.85,Pass (Confirmed OK)
processed_1596-7.png,4.25.1号机OK/7/processed_1596-7.png,sn,53.04,Review (Flagged for Double Check)
processed_1574-7.png,4.25.1号机OK/7/processed_1574-7.png,sn,59.26,Review (Flagged for Double Check)
processed_1647-7.png,4.25.1号机OK/7/processed_1647-7.png,sn,22.8,Review (Flagged for Double Check)
processed_1605-7.png,4.25.1号机OK/7/processed_1605-7.png,sn,61.86,Review (Flagged for Double Check)
processed_1617-7.png,4.25.1号机OK/7/processed_1617-7.png,o,97.74,Pass (Confirmed OK)
processed_1598-7.png,4.25.1号机OK/7/processed_1598-7.png,sn,53.72,Review (Flagged for Double Check)
processed_1657-7.png,4.25.1号机OK/7/processed_1657-7.png,sn,55.66,Review (Flagged for Double Check)
processed_1618-7.png,4.25.1号机OK/7/processed_1618-7.png,sn,73.56,Review (Flagged for Double Check)
processed_1622-7.png,4.25.1号机OK/7/processed_1622-7.png,o,97.06,Pass (Confirmed OK)
processed_1407-7.png,4.25.1号机OK/7/processed_1407-7.png,sn,68.44,Review (Flagged for Double Check)
processed_1597-7.png,4.25.1号机OK/7/processed_1597-7.png,o,99.14,Pass (Confirmed OK)
processed_1601-7.png,4.25.1号机OK/7/processed_1601-7.png,o,98.23,Pass (Confirmed OK)
processed_1611-7.png,4.25.1号机OK/7/processed_1611-7.png,o,96.47,Pass (Confirmed OK)
processed_1636-7.png,4.25.1号机OK/7/processed_1636-7.png,o,99.28,Pass (Confirmed OK)
processed_1395-7.png,4.25.1号机OK/7/processed_1395-7.png,sn,59.32,Review (Flagged for Double Check)
processed_1645-7.png,4.25.1号机OK/7/processed_1645-7.png,sn,37.46,Review (Flagged for Double Check)
processed_1616-7.png,4.25.1号机OK/7/processed_1616-7.png,o,99.75,Pass (Confirmed OK)
processed_1639-7.png,4.25.1号机OK/7/processed_1639-7.png,o,99.57,Pass (Confirmed OK)
processed_1661-7.png,4.25.1号机OK/7/processed_1661-7.png,mn,50.26,Review (Flagged for Double Check)
processed_1665-7.png,4.25.1号机OK/7/processed_1665-7.png,sn,38.94,Review (Flagged for Double Check)
processed_1638-7.png,4.25.1号机OK/7/processed_1638-7.png,sn,11.04,Review (Flagged for Double Check)
processed_1591-7.png,4.25.1号机OK/7/processed_1591-7.png,mn,54.91,Review (Flagged for Double Check)
processed_1668-7.png,4.25.1号机OK/7/processed_1668-7.png,sn,47.78,Review (Flagged for Double Check)
processed_1613-7.png,4.25.1号机OK/7/processed_1613-7.png,sn,66.67,Review (Flagged for Double Check)
processed_1365-7.png,4.25.1号机OK/7/processed_1365-7.png,o,99.17,Pass (Confirmed OK)
processed_1642-7.png,4.25.1号机OK/7/processed_1642-7.png,o,99.52,Pass (Confirmed OK)
processed_1570-7.png,4.25.1号机OK/7/processed_1570-7.png,sn,82.47,Review (Flagged for Double Check)
processed_1614-7.png,4.25.1号机OK/7/processed_1614-7.png,sn,81.0,Review (Flagged for Double Check)
processed_1585-7.png,4.25.1号机OK/7/processed_1585-7.png,sn,17.82,Review (Flagged for Double Check)
processed_1635-7.png,4.25.1号机OK/7/processed_1635-7.png,sn,53.12,Review (Flagged for Double Check)
processed_1641-7.png,4.25.1号机OK/7/processed_1641-7.png,sn,14.13,Review (Flagged for Double Check)
processed_1427-7.png,4.25.1号机OK/7/processed_1427-7.png,sn,63.79,Review (Flagged for Double Check)
processed_1631-7.png,4.25.1号机OK/7/processed_1631-7.png,o,99.55,Pass (Confirmed OK)
processed_1604-7.png,4.25.1号机OK/7/processed_1604-7.png,xn,46.24,Review (Flagged for Double Check)
processed_1666-7.png,4.25.1号机OK/7/processed_1666-7.png,o,94.98,Pass (Confirmed OK)
processed_1599-7.png,4.25.1号机OK/7/processed_1599-7.png,sn,16.62,Review (Flagged for Double Check)
processed_1681-7.png,4.25.1号机OK/7/processed_1681-7.png,sn,14.35,Review (Flagged for Double Check)
processed_1425-7.png,4.25.1号机OK/7/processed_1425-7.png,sn,69.14,Review (Flagged for Double Check)
processed_1660-7.png,4.25.1号机OK/7/processed_1660-7.png,sn,52.14,Review (Flagged for Double Check)
processed_1628-7.png,4.25.1号机OK/7/processed_1628-7.png,sn,19.23,Review (Flagged for Double Check)
processed_1643-7.png,4.25.1号机OK/7/processed_1643-7.png,o,99.26,Pass (Confirmed OK)
processed_1582-7.png,4.25.1号机OK/7/processed_1582-7.png,o,95.59,Pass (Confirmed OK)
processed_1580-7.png,4.25.1号机OK/7/processed_1580-7.png,mn,45.21,Review (Flagged for Double Check)
processed_1620-7.png,4.25.1号机OK/7/processed_1620-7.png,o,99.84,Pass (Confirmed OK)
processed_1583-7.png,4.25.1号机OK/7/processed_1583-7.png,sn,34.27,Review (Flagged for Double Check)
processed_1595-7.png,4.25.1号机OK/7/processed_1595-7.png,sn,18.48,Review (Flagged for Double Check)
processed_1623-7.png,4.25.1号机OK/7/processed_1623-7.png,o,99.42,Pass (Confirmed OK)
processed_1610-7.png,4.25.1号机OK/7/processed_1610-7.png,sn,46.14,Review (Flagged for Double Check)
processed_1609-7.png,4.25.1号机OK/7/processed_1609-7.png,sn,22.58,Review (Flagged for Double Check)
processed_1594-3.png,4.25.1号机OK/3/processed_1594-3.png,sn,31.09,Review (Flagged for Double Check)
processed_1626-3.png,4.25.1号机OK/3/processed_1626-3.png,sn,20.05,Review (Flagged for Double Check)
processed_1641-3.png,4.25.1号机OK/3/processed_1641-3.png,sn,63.13,Review (Flagged for Double Check)
processed_1585-3.png,4.25.1号机OK/3/processed_1585-3.png,sn,53.59,Review (Flagged for Double Check)
processed_1576-3.png,4.25.1号机OK/3/processed_1576-3.png,mn,45.54,Review (Flagged for Double Check)
processed_1622-3.png,4.25.1号机OK/3/processed_1622-3.png,sn,26.75,Review (Flagged for Double Check)
processed_1654-3.png,4.25.1号机OK/3/processed_1654-3.png,sn,63.68,Review (Flagged for Double Check)
processed_1653-3.png,4.25.1号机OK/3/processed_1653-3.png,sn,47.99,Review (Flagged for Double Check)
processed_1601-3.png,4.25.1号机OK/3/processed_1601-3.png,sn,66.0,Review (Flagged for Double Check)
processed_1624-3.png,4.25.1号机OK/3/processed_1624-3.png,sn,44.16,Review (Flagged for Double Check)
processed_1658-3.png,4.25.1号机OK/3/processed_1658-3.png,sn,55.29,Review (Flagged for Double Check)
processed_1636-3.png,4.25.1号机OK/3/processed_1636-3.png,sn,64.15,Review (Flagged for Double Check)
processed_1611-3.png,4.25.1号机OK/3/processed_1611-3.png,sn,60.31,Review (Flagged for Double Check)
processed_1574-3.png,4.25.1号机OK/3/processed_1574-3.png,sn,55.09,Review (Flagged for Double Check)
processed_1384-3.png,4.25.1号机OK/3/processed_1384-3.png,sn,22.81,Review (Flagged for Double Check)
processed_1657-3.png,4.25.1号机OK/3/processed_1657-3.png,sn,56.57,Review (Flagged for Double Check)
processed_1655-3.png,4.25.1号机OK/3/processed_1655-3.png,sn,60.02,Review (Flagged for Double Check)
processed_1580-3.png,4.25.1号机OK/3/processed_1580-3.png,sn,50.23,Review (Flagged for Double Check)
processed_1656-3.png,4.25.1号机OK/3/processed_1656-3.png,sn,58.12,Review (Flagged for Double Check)
processed_1659-3.png,4.25.1号机OK/3/processed_1659-3.png,sn,56.83,Review (Flagged for Double Check)
processed_1578-3.png,4.25.1号机OK/3/processed_1578-3.png,sn,58.87,Review (Flagged for Double Check)
processed_1660-3.png,4.25.1号机OK/3/processed_1660-3.png,sn,60.26,Review (Flagged for Double Check)
processed_1575-3.png,4.25.1号机OK/3/processed_1575-3.png,sn,49.57,Review (Flagged for Double Check)
processed_1639-3.png,4.25.1号机OK/3/processed_1639-3.png,o,98.25,Pass (Confirmed OK)
processed_1637-3.png,4.25.1号机OK/3/processed_1637-3.png,sn,69.72,Review (Flagged for Double Check)
processed_1643-3.png,4.25.1号机OK/3/processed_1643-3.png,sn,16.83,Review (Flagged for Double Check)
processed_1635-3.png,4.25.1号机OK/3/processed_1635-3.png,sn,47.97,Review (Flagged for Double Check)
processed_1614-3.png,4.25.1号机OK/3/processed_1614-3.png,sn,40.49,Review (Flagged for Double Check)
processed_1569-3.png,4.25.1号机OK/3/processed_1569-3.png,sn,46.82,Review (Flagged for Double Check)
processed_1648-3.png,4.25.1号机OK/3/processed_1648-3.png,sn,32.43,Review (Flagged for Double Check)
processed_1612-3.png,4.25.1号机OK/3/processed_1612-3.png,sn,50.29,Review (Flagged for Double Check)
processed_1672-3.png,4.25.1号机OK/3/processed_1672-3.png,sn,64.7,Review (Flagged for Double Check)
processed_1667-3.png,4.25.1号机OK/3/processed_1667-3.png,sn,62.84,Review (Flagged for Double Check)
processed_1644-3.png,4.25.1号机OK/3/processed_1644-3.png,sn,47.09,Review (Flagged for Double Check)
processed_1646-3.png,4.25.1号机OK/3/processed_1646-3.png,o,90.09,Pass (Confirmed OK)
processed_1609-3.png,4.25.1号机OK/3/processed_1609-3.png,o,91.45,Pass (Confirmed OK)
processed_1620-3.png,4.25.1号机OK/3/processed_1620-3.png,sn,19.64,Review (Flagged for Double Check)
processed_1541-3.png,4.25.1号机OK/3/processed_1541-3.png,sn,52.01,Review (Flagged for Double Check)
processed_1631-3.png,4.25.1号机OK/3/processed_1631-3.png,o,91.58,Pass (Confirmed OK)
processed_1583-3.png,4.25.1号机OK/3/processed_1583-3.png,sn,62.5,Review (Flagged for Double Check)
processed_1365-3.png,4.25.1号机OK/3/processed_1365-3.png,sn,53.7,Review (Flagged for Double Check)
processed_1359-3.png,4.25.1号机OK/3/processed_1359-3.png,mn,42.29,Review (Flagged for Double Check)
processed_1579-3.png,4.25.1号机OK/3/processed_1579-3.png,mn,41.83,Review (Flagged for Double Check)
processed_1599-3.png,4.25.1号机OK/3/processed_1599-3.png,sn,51.14,Review (Flagged for Double Check)
processed_1662-3.png,4.25.1号机OK/3/processed_1662-3.png,sn,47.97,Review (Flagged for Double Check)
processed_1572-3.png,4.25.1号机OK/3/processed_1572-3.png,sn,57.62,Review (Flagged for Double Check)
processed_1673-3.png,4.25.1号机OK/3/processed_1673-3.png,sn,60.33,Review (Flagged for Double Check)
processed_1640-3.png,4.25.1号机OK/3/processed_1640-3.png,sn,70.73,Review (Flagged for Double Check)
processed_1586-3.png,4.25.1号机OK/3/processed_1586-3.png,sn,28.22,Review (Flagged for Double Check)
processed_1642-3.png,4.25.1号机OK/3/processed_1642-3.png,sn,39.45,Review (Flagged for Double Check)
processed_1677-3.png,4.25.1号机OK/3/processed_1677-3.png,sn,64.39,Review (Flagged for Double Check)
processed_1676-3.png,4.25.1号机OK/3/processed_1676-3.png,sn,65.87,Review (Flagged for Double Check)
processed_1425-3.png,4.25.1号机OK/3/processed_1425-3.png,mn,45.1,Review (Flagged for Double Check)
processed_1607-3.png,4.25.1号机OK/3/processed_1607-3.png,sn,56.25,Review (Flagged for Double Check)
processed_1573-3.png,4.25.1号机OK/3/processed_1573-3.png,sn,42.55,Review (Flagged for Double Check)
processed_1665-3.png,4.25.1号机OK/3/processed_1665-3.png,mn,48.22,Review (Flagged for Double Check)
processed_1610-3.png,4.25.1号机OK/3/processed_1610-3.png,sn,57.13,Review (Flagged for Double Check)
processed_1661-3.png,4.25.1号机OK/3/processed_1661-3.png,sn,57.79,Review (Flagged for Double Check)
processed_1430-3.png,4.25.1号机OK/3/processed_1430-3.png,xn,61.78,Review (Flagged for Double Check)
processed_1440-3.png,4.25.1号机OK/3/processed_1440-3.png,xn,71.52,Review (Flagged for Double Check)
processed_1681-3.png,4.25.1号机OK/3/processed_1681-3.png,sn,64.31,Review (Flagged for Double Check)
processed_1395-3.png,4.25.1号机OK/3/processed_1395-3.png,o,93.15,Pass (Confirmed OK)
processed_1669-3.png,4.25.1号机OK/3/processed_1669-3.png,sn,55.33,Review (Flagged for Double Check)
processed_1666-3.png,4.25.1号机OK/3/processed_1666-3.png,sn,58.44,Review (Flagged for Double Check)
processed_1602-3.png,4.25.1号机OK/3/processed_1602-3.png,o,93.72,Pass (Confirmed OK)
processed_1633-3.png,4.25.1号机OK/3/processed_1633-3.png,sn,39.03,Review (Flagged for Double Check)
processed_1675-3.png,4.25.1号机OK/3/processed_1675-3.png,mn,47.87,Review (Flagged for Double Check)
processed_1680-3.png,4.25.1号机OK/3/processed_1680-3.png,mn,54.21,Review (Flagged for Double Check)
processed_1588-3.png,4.25.1号机OK/3/processed_1588-3.png,sn,54.63,Review (Flagged for Double Check)
processed_1645-3.png,4.25.1号机OK/3/processed_1645-3.png,o,95.27,Pass (Confirmed OK)
processed_1621-3.png,4.25.1号机OK/3/processed_1621-3.png,sn,25.5,Review (Flagged for Double Check)
processed_1427-3.png,4.25.1号机OK/3/processed_1427-3.png,mn,48.02,Review (Flagged for Double Check)
processed_1649-3.png,4.25.1号机OK/3/processed_1649-3.png,sn,34.16,Review (Flagged for Double Check)
processed_1544-3.png,4.25.1号机OK/3/processed_1544-3.png,sn,55.56,Review (Flagged for Double Check)
processed_1651-3.png,4.25.1号机OK/3/processed_1651-3.png,sn,66.07,Review (Flagged for Double Check)
processed_1600-3.png,4.25.1号机OK/3/processed_1600-3.png,sn,21.62,Review (Flagged for Double Check)
processed_1587-3.png,4.25.1号机OK/3/processed_1587-3.png,sn,59.22,Review (Flagged for Double Check)
processed_1671-3.png,4.25.1号机OK/3/processed_1671-3.png,sn,62.12,Review (Flagged for Double Check)
processed_1629-3.png,4.25.1号机OK/3/processed_1629-3.png,sn,58.25,Review (Flagged for Double Check)
processed_1608-3.png,4.25.1号机OK/3/processed_1608-3.png,sn,43.75,Review (Flagged for Double Check)
processed_1581-3.png,4.25.1号机OK/3/processed_1581-3.png,sn,61.1,Review (Flagged for Double Check)
processed_1615-3.png,4.25.1号机OK/3/processed_1615-3.png,sn,51.39,Review (Flagged for Double Check)
processed_1638-3.png,4.25.1号机OK/3/processed_1638-3.png,sn,41.6,Review (Flagged for Double Check)
processed_1618-3.png,4.25.1号机OK/3/processed_1618-3.png,sn,31.0,Review (Flagged for Double Check)
processed_1604-3.png,4.25.1号机OK/3/processed_1604-3.png,mn,40.68,Review (Flagged for Double Check)
processed_1407-3.png,4.25.1号机OK/3/processed_1407-3.png,sn,55.45,Review (Flagged for Double Check)
processed_1523-3.png,4.25.1号机OK/3/processed_1523-3.png,sn,54.44,Review (Flagged for Double Check)
processed_1613-3.png,4.25.1号机OK/3/processed_1613-3.png,sn,57.28,Review (Flagged for Double Check)
processed_1589-3.png,4.25.1号机OK/3/processed_1589-3.png,sn,59.75,Review (Flagged for Double Check)
processed_1592-3.png,4.25.1号机OK/3/processed_1592-3.png,sn,37.72,Review (Flagged for Double Check)
processed_1605-3.png,4.25.1号机OK/3/processed_1605-3.png,sn,23.86,Review (Flagged for Double Check)
processed_1597-3.png,4.25.1号机OK/3/processed_1597-3.png,o,90.06,Pass (Confirmed OK)
processed_1577-3.png,4.25.1号机OK/3/processed_1577-3.png,mn,49.01,Review (Flagged for Double Check)
processed_1678-3.png,4.25.1号机OK/3/processed_1678-3.png,sn,62.77,Review (Flagged for Double Check)
processed_1593-3.png,4.25.1号机OK/3/processed_1593-3.png,sn,57.3,Review (Flagged for Double Check)
processed_1595-3.png,4.25.1号机OK/3/processed_1595-3.png,o,98.5,Pass (Confirmed OK)
processed_1623-3.png,4.25.1号机OK/3/processed_1623-3.png,sn,64.09,Review (Flagged for Double Check)
processed_1459-3.png,4.25.1号机OK/3/processed_1459-3.png,sn,57.98,Review (Flagged for Double Check)
processed_1590-3.png,4.25.1号机OK/3/processed_1590-3.png,sn,40.39,Review (Flagged for Double Check)
processed_1628-3.png,4.25.1号机OK/3/processed_1628-3.png,sn,68.0,Review (Flagged for Double Check)
processed_1606-3.png,4.25.1号机OK/3/processed_1606-3.png,sn,52.42,Review (Flagged for Double Check)
processed_1603-3.png,4.25.1号机OK/3/processed_1603-3.png,sn,52.28,Review (Flagged for Double Check)
processed_1668-3.png,4.25.1号机OK/3/processed_1668-3.png,sn,63.79,Review (Flagged for Double Check)
processed_1674-3.png,4.25.1号机OK/3/processed_1674-3.png,sn,56.08,Review (Flagged for Double Check)
processed_1617-3.png,4.25.1号机OK/3/processed_1617-3.png,sn,55.74,Review (Flagged for Double Check)
processed_1634-3.png,4.25.1号机OK/3/processed_1634-3.png,sn,34.96,Review (Flagged for Double Check)
processed_1393-3.png,4.25.1号机OK/3/processed_1393-3.png,sn,57.2,Review (Flagged for Double Check)
processed_1570-3.png,4.25.1号机OK/3/processed_1570-3.png,sn,59.08,Review (Flagged for Double Check)
processed_1596-3.png,4.25.1号机OK/3/processed_1596-3.png,sn,43.87,Review (Flagged for Double Check)
processed_1591-3.png,4.25.1号机OK/3/processed_1591-3.png,sn,61.41,Review (Flagged for Double Check)
processed_1616-3.png,4.25.1号机OK/3/processed_1616-3.png,sn,19.95,Review (Flagged for Double Check)
processed_1582-3.png,4.25.1号机OK/3/processed_1582-3.png,sn,14.39,Review (Flagged for Double Check)
processed_1598-3.png,4.25.1号机OK/3/processed_1598-3.png,sn,64.57,Review (Flagged for Double Check)
processed_1679-3.png,4.25.1号机OK/3/processed_1679-3.png,sn,55.83,Review (Flagged for Double Check)
processed_1571-3.png,4.25.1号机OK/3/processed_1571-3.png,sn,53.17,Review (Flagged for Double Check)
processed_1647-3.png,4.25.1号机OK/3/processed_1647-3.png,sn,57.36,Review (Flagged for Double Check)
processed_1663-3.png,4.25.1号机OK/3/processed_1663-3.png,sn,61.53,Review (Flagged for Double Check)
processed_1630-3.png,4.25.1号机OK/3/processed_1630-3.png,sn,65.8,Review (Flagged for Double Check)
processed_1388-3.png,4.25.1号机OK/3/processed_1388-3.png,sn,51.57,Review (Flagged for Double Check)
processed_1664-3.png,4.25.1号机OK/3/processed_1664-3.png,mn,50.22,Review (Flagged for Double Check)
processed_1589-1.png,4.25.1号机OK/1/processed_1589-1.png,sn,57.32,Review (Flagged for Double Check)
processed_1657-1.png,4.25.1号机OK/1/processed_1657-1.png,o,93.7,Pass (Confirmed OK)
processed_1609-1.png,4.25.1号机OK/1/processed_1609-1.png,o,95.48,Pass (Confirmed OK)
processed_1610-1.png,4.25.1号机OK/1/processed_1610-1.png,sn,47.67,Review (Flagged for Double Check)
processed_1631-1.png,4.25.1号机OK/1/processed_1631-1.png,o,97.7,Pass (Confirmed OK)
processed_1667-1.png,4.25.1号机OK/1/processed_1667-1.png,sn,74.68,Review (Flagged for Double Check)
processed_1660-1.png,4.25.1号机OK/1/processed_1660-1.png,o,99.65,Pass (Confirmed OK)
processed_1523-1.png,4.25.1号机OK/1/processed_1523-1.png,o,97.24,Pass (Confirmed OK)
processed_1666-1.png,4.25.1号机OK/1/processed_1666-1.png,sn,11.77,Review (Flagged for Double Check)
processed_1663-1.png,4.25.1号机OK/1/processed_1663-1.png,o,99.78,Pass (Confirmed OK)
processed_1425-1.png,4.25.1号机OK/1/processed_1425-1.png,o,99.98,Pass (Confirmed OK)
processed_1675-1.png,4.25.1号机OK/1/processed_1675-1.png,sn,67.4,Review (Flagged for Double Check)
processed_1669-1.png,4.25.1号机OK/1/processed_1669-1.png,sn,22.76,Review (Flagged for Double Check)
processed_1598-1.png,4.25.1号机OK/1/processed_1598-1.png,sn,38.91,Review (Flagged for Double Check)
processed_1676-1.png,4.25.1号机OK/1/processed_1676-1.png,sn,46.03,Review (Flagged for Double Check)
processed_1611-1.png,4.25.1号机OK/1/processed_1611-1.png,o,91.82,Pass (Confirmed OK)
processed_1654-1.png,4.25.1号机OK/1/processed_1654-1.png,sn,39.35,Review (Flagged for Double Check)
processed_1585-1.png,4.25.1号机OK/1/processed_1585-1.png,o,97.94,Pass (Confirmed OK)
processed_1395-1.png,4.25.1号机OK/1/processed_1395-1.png,o,97.1,Pass (Confirmed OK)
processed_1365-1.png,4.25.1号机OK/1/processed_1365-1.png,o,97.69,Pass (Confirmed OK)
processed_1577-1.png,4.25.1号机OK/1/processed_1577-1.png,sn,56.96,Review (Flagged for Double Check)
processed_1641-1.png,4.25.1号机OK/1/processed_1641-1.png,o,96.17,Pass (Confirmed OK)
processed_1388-1.png,4.25.1号机OK/1/processed_1388-1.png,sn,58.93,Review (Flagged for Double Check)
processed_1407-1.png,4.25.1号机OK/1/processed_1407-1.png,sn,62.56,Review (Flagged for Double Check)
processed_1640-1.png,4.25.1号机OK/1/processed_1640-1.png,o,92.73,Pass (Confirmed OK)
processed_1633-1.png,4.25.1号机OK/1/processed_1633-1.png,o,97.2,Pass (Confirmed OK)
processed_1616-1.png,4.25.1号机OK/1/processed_1616-1.png,o,99.08,Pass (Confirmed OK)
processed_1681-1.png,4.25.1号机OK/1/processed_1681-1.png,o,95.91,Pass (Confirmed OK)
processed_1679-1.png,4.25.1号机OK/1/processed_1679-1.png,sn,78.26,Review (Flagged for Double Check)
processed_1630-1.png,4.25.1号机OK/1/processed_1630-1.png,sn,40.67,Review (Flagged for Double Check)
processed_1603-1.png,4.25.1号机OK/1/processed_1603-1.png,o,98.75,Pass (Confirmed OK)
processed_1647-1.png,4.25.1号机OK/1/processed_1647-1.png,o,95.12,Pass (Confirmed OK)
processed_1393-1.png,4.25.1号机OK/1/processed_1393-1.png,sn,66.74,Review (Flagged for Double Check)
processed_1578-1.png,4.25.1号机OK/1/processed_1578-1.png,sn,11.62,Review (Flagged for Double Check)
processed_1600-1.png,4.25.1号机OK/1/processed_1600-1.png,sn,50.51,Review (Flagged for Double Check)
processed_1574-1.png,4.25.1号机OK/1/processed_1574-1.png,sn,66.2,Review (Flagged for Double Check)
processed_1572-1.png,4.25.1号机OK/1/processed_1572-1.png,sn,54.49,Review (Flagged for Double Check)
processed_1651-1.png,4.25.1号机OK/1/processed_1651-1.png,o,98.91,Pass (Confirmed OK)
processed_1645-1.png,4.25.1号机OK/1/processed_1645-1.png,o,96.64,Pass (Confirmed OK)
processed_1588-1.png,4.25.1号机OK/1/processed_1588-1.png,sn,39.27,Review (Flagged for Double Check)
processed_1570-1.png,4.25.1号机OK/1/processed_1570-1.png,sn,56.96,Review (Flagged for Double Check)
processed_1655-1.png,4.25.1号机OK/1/processed_1655-1.png,o,95.26,Pass (Confirmed OK)
processed_1656-1.png,4.25.1号机OK/1/processed_1656-1.png,o,94.33,Pass (Confirmed OK)
processed_1624-1.png,4.25.1号机OK/1/processed_1624-1.png,sn,20.32,Review (Flagged for Double Check)
processed_1621-1.png,4.25.1号机OK/1/processed_1621-1.png,o,98.66,Pass (Confirmed OK)
processed_1586-1.png,4.25.1号机OK/1/processed_1586-1.png,o,98.85,Pass (Confirmed OK)
processed_1634-1.png,4.25.1号机OK/1/processed_1634-1.png,o,99.24,Pass (Confirmed OK)
processed_1607-1.png,4.25.1号机OK/1/processed_1607-1.png,sn,34.78,Review (Flagged for Double Check)
processed_1576-1.png,4.25.1号机OK/1/processed_1576-1.png,sn,68.8,Review (Flagged for Double Check)
processed_1613-1.png,4.25.1号机OK/1/processed_1613-1.png,sn,53.03,Review (Flagged for Double Check)
processed_1622-1.png,4.25.1号机OK/1/processed_1622-1.png,o,98.46,Pass (Confirmed OK)
processed_1643-1.png,4.25.1号机OK/1/processed_1643-1.png,o,99.6,Pass (Confirmed OK)
processed_1587-1.png,4.25.1号机OK/1/processed_1587-1.png,sn,54.41,Review (Flagged for Double Check)
processed_1662-1.png,4.25.1号机OK/1/processed_1662-1.png,sn,77.68,Review (Flagged for Double Check)
processed_1671-1.png,4.25.1号机OK/1/processed_1671-1.png,sn,24.36,Review (Flagged for Double Check)
processed_1359-1.png,4.25.1号机OK/1/processed_1359-1.png,o,92.93,Pass (Confirmed OK)
processed_1440-1.png,4.25.1号机OK/1/processed_1440-1.png,sn,62.41,Review (Flagged for Double Check)
processed_1677-1.png,4.25.1号机OK/1/processed_1677-1.png,sn,75.01,Review (Flagged for Double Check)
processed_1459-1.png,4.25.1号机OK/1/processed_1459-1.png,sn,38.09,Review (Flagged for Double Check)
processed_1571-1.png,4.25.1号机OK/1/processed_1571-1.png,o,98.93,Pass (Confirmed OK)
processed_1648-1.png,4.25.1号机OK/1/processed_1648-1.png,o,96.59,Pass (Confirmed OK)
processed_1604-1.png,4.25.1号机OK/1/processed_1604-1.png,sn,81.61,Review (Flagged for Double Check)
processed_1614-1.png,4.25.1号机OK/1/processed_1614-1.png,o,94.83,Pass (Confirmed OK)
processed_1668-1.png,4.25.1号机OK/1/processed_1668-1.png,sn,23.54,Review (Flagged for Double Check)
processed_1649-1.png,4.25.1号机OK/1/processed_1649-1.png,o,90.35,Pass (Confirmed OK)
processed_1665-1.png,4.25.1号机OK/1/processed_1665-1.png,sn,40.65,Review (Flagged for Double Check)
processed_1673-1.png,4.25.1号机OK/1/processed_1673-1.png,sn,23.63,Review (Flagged for Double Check)
processed_1605-1.png,4.25.1号机OK/1/processed_1605-1.png,o,91.28,Pass (Confirmed OK)
processed_1590-1.png,4.25.1号机OK/1/processed_1590-1.png,sn,44.65,Review (Flagged for Double Check)
processed_1617-1.png,4.25.1号机OK/1/processed_1617-1.png,sn,17.67,Review (Flagged for Double Check)
processed_1599-1.png,4.25.1号机OK/1/processed_1599-1.png,o,99.31,Pass (Confirmed OK)
processed_1629-1.png,4.25.1号机OK/1/processed_1629-1.png,o,98.56,Pass (Confirmed OK)
processed_1575-1.png,4.25.1号机OK/1/processed_1575-1.png,o,95.02,Pass (Confirmed OK)
processed_1680-1.png,4.25.1号机OK/1/processed_1680-1.png,sn,24.43,Review (Flagged for Double Check)
processed_1591-1.png,4.25.1号机OK/1/processed_1591-1.png,sn,57.34,Review (Flagged for Double Check)
processed_1583-1.png,4.25.1号机OK/1/processed_1583-1.png,sn,43.21,Review (Flagged for Double Check)
processed_1580-1.png,4.25.1号机OK/1/processed_1580-1.png,sn,63.5,Review (Flagged for Double Check)
processed_1658-1.png,4.25.1号机OK/1/processed_1658-1.png,sn,66.7,Review (Flagged for Double Check)
processed_1592-1.png,4.25.1号机OK/1/processed_1592-1.png,sn,22.03,Review (Flagged for Double Check)
processed_1623-1.png,4.25.1号机OK/1/processed_1623-1.png,o,94.58,Pass (Confirmed OK)
processed_1594-1.png,4.25.1号机OK/1/processed_1594-1.png,o,97.91,Pass (Confirmed OK)
processed_1593-1.png,4.25.1号机OK/1/processed_1593-1.png,sn,68.85,Review (Flagged for Double Check)
processed_1606-1.png,4.25.1号机OK/1/processed_1606-1.png,xn,51.74,Review (Flagged for Double Check)
processed_1618-1.png,4.25.1号机OK/1/processed_1618-1.png,sn,21.63,Review (Flagged for Double Check)
processed_1384-1.png,4.25.1号机OK/1/processed_1384-1.png,sn,21.52,Review (Flagged for Double Check)
processed_1664-1.png,4.25.1号机OK/1/processed_1664-1.png,o,93.24,Pass (Confirmed OK)
processed_1635-1.png,4.25.1号机OK/1/processed_1635-1.png,sn,55.7,Review (Flagged for Double Check)
processed_1661-1.png,4.25.1号机OK/1/processed_1661-1.png,sn,75.97,Review (Flagged for Double Check)
processed_1596-1.png,4.25.1号机OK/1/processed_1596-1.png,o,98.74,Pass (Confirmed OK)
processed_1582-1.png,4.25.1号机OK/1/processed_1582-1.png,o,91.17,Pass (Confirmed OK)
processed_1597-1.png,4.25.1号机OK/1/processed_1597-1.png,sn,13.36,Review (Flagged for Double Check)
processed_1646-1.png,4.25.1号机OK/1/processed_1646-1.png,sn,31.47,Review (Flagged for Double Check)
processed_1602-1.png,4.25.1号机OK/1/processed_1602-1.png,o,94.64,Pass (Confirmed OK)
processed_1569-1.png,4.25.1号机OK/1/processed_1569-1.png,sn,45.4,Review (Flagged for Double Check)
processed_1573-1.png,4.25.1号机OK/1/processed_1573-1.png,sn,20.15,Review (Flagged for Double Check)
processed_1678-1.png,4.25.1号机OK/1/processed_1678-1.png,sn,56.8,Review (Flagged for Double Check)
processed_1430-1.png,4.25.1号机OK/1/processed_1430-1.png,sn,83.25,Review (Flagged for Double Check)
processed_1639-1.png,4.25.1号机OK/1/processed_1639-1.png,o,99.7,Pass (Confirmed OK)
processed_1672-1.png,4.25.1号机OK/1/processed_1672-1.png,sn,63.84,Review (Flagged for Double Check)
processed_1620-1.png,4.25.1号机OK/1/processed_1620-1.png,o,91.25,Pass (Confirmed OK)
processed_1612-1.png,4.25.1号机OK/1/processed_1612-1.png,o,94.31,Pass (Confirmed OK)
processed_1541-1.png,4.25.1号机OK/1/processed_1541-1.png,o,98.26,Pass (Confirmed OK)
processed_1628-1.png,4.25.1号机OK/1/processed_1628-1.png,sn,27.16,Review (Flagged for Double Check)
processed_1615-1.png,4.25.1号机OK/1/processed_1615-1.png,sn,59.19,Review (Flagged for Double Check)
processed_1638-1.png,4.25.1号机OK/1/processed_1638-1.png,o,96.53,Pass (Confirmed OK)
processed_1636-1.png,4.25.1号机OK/1/processed_1636-1.png,o,92.05,Pass (Confirmed OK)
processed_1427-1.png,4.25.1号机OK/1/processed_1427-1.png,o,97.52,Pass (Confirmed OK)
processed_1544-1.png,4.25.1号机OK/1/processed_1544-1.png,sn,13.02,Review (Flagged for Double Check)
processed_1579-1.png,4.25.1号机OK/1/processed_1579-1.png,sn,22.21,Review (Flagged for Double Check)
processed_1637-1.png,4.25.1号机OK/1/processed_1637-1.png,o,97.89,Pass (Confirmed OK)
processed_1659-1.png,4.25.1号机OK/1/processed_1659-1.png,sn,32.95,Review (Flagged for Double Check)
processed_1608-1.png,4.25.1号机OK/1/processed_1608-1.png,o,99.16,Pass (Confirmed OK)
processed_1642-1.png,4.25.1号机OK/1/processed_1642-1.png,o,97.91,Pass (Confirmed OK)
processed_1674-1.png,4.25.1号机OK/1/processed_1674-1.png,o,97.4,Pass (Confirmed OK)
processed_1601-1.png,4.25.1号机OK/1/processed_1601-1.png,o,95.29,Pass (Confirmed OK)
processed_1581-1.png,4.25.1号机OK/1/processed_1581-1.png,sn,56.45,Review (Flagged for Double Check)
processed_1644-1.png,4.25.1号机OK/1/processed_1644-1.png,o,95.9,Pass (Confirmed OK)
processed_1626-1.png,4.25.1号机OK/1/processed_1626-1.png,sn,42.07,Review (Flagged for Double Check)
processed_1653-1.png,4.25.1号机OK/1/processed_1653-1.png,o,95.27,Pass (Confirmed OK)
processed_1595-1.png,4.25.1号机OK/1/processed_1595-1.png,sn,24.22,Review (Flagged for Double Check)
processed_1720-5.png,4.27.1号机OK/5/processed_1720-5.png,sn,39.93,Review (Flagged for Double Check)
processed_1687-5.png,4.27.1号机OK/5/processed_1687-5.png,o,99.99,Pass (Confirmed OK)
processed_1682-5.png,4.27.1号机OK/5/processed_1682-5.png,o,99.31,Pass (Confirmed OK)
processed_1683-5.png,4.27.1号机OK/5/processed_1683-5.png,o,99.97,Pass (Confirmed OK)
processed_1695-5.png,4.27.1号机OK/5/processed_1695-5.png,o,99.99,Pass (Confirmed OK)
processed_1684-5.png,4.27.1号机OK/5/processed_1684-5.png,o,100.0,Pass (Confirmed OK)
processed_1715-5.png,4.27.1号机OK/5/processed_1715-5.png,o,99.96,Pass (Confirmed OK)
processed_1705-5.png,4.27.1号机OK/5/processed_1705-5.png,o,99.95,Pass (Confirmed OK)
processed_1710-5.png,4.27.1号机OK/5/processed_1710-5.png,o,99.55,Pass (Confirmed OK)
processed_1689-5.png,4.27.1号机OK/5/processed_1689-5.png,o,99.9,Pass (Confirmed OK)
processed_1698-5.png,4.27.1号机OK/5/processed_1698-5.png,o,98.19,Pass (Confirmed OK)
processed_1707-5.png,4.27.1号机OK/5/processed_1707-5.png,o,99.56,Pass (Confirmed OK)
processed_1706-5.png,4.27.1号机OK/5/processed_1706-5.png,o,99.43,Pass (Confirmed OK)
processed_1714-5.png,4.27.1号机OK/5/processed_1714-5.png,o,99.1,Pass (Confirmed OK)
processed_1702-5.png,4.27.1号机OK/5/processed_1702-5.png,o,99.92,Pass (Confirmed OK)
processed_1712-5.png,4.27.1号机OK/5/processed_1712-5.png,o,98.53,Pass (Confirmed OK)
processed_1717-5.png,4.27.1号机OK/5/processed_1717-5.png,o,92.31,Pass (Confirmed OK)
processed_1703-5.png,4.27.1号机OK/5/processed_1703-5.png,o,99.8,Pass (Confirmed OK)
processed_1719-5.png,4.27.1号机OK/5/processed_1719-5.png,sn,20.08,Review (Flagged for Double Check)
processed_1688-5.png,4.27.1号机OK/5/processed_1688-5.png,o,99.99,Pass (Confirmed OK)
processed_1692-5.png,4.27.1号机OK/5/processed_1692-5.png,o,99.97,Pass (Confirmed OK)
processed_1716-5.png,4.27.1号机OK/5/processed_1716-5.png,o,99.82,Pass (Confirmed OK)
processed_1697-5.png,4.27.1号机OK/5/processed_1697-5.png,o,99.99,Pass (Confirmed OK)
processed_1711-5.png,4.27.1号机OK/5/processed_1711-5.png,o,99.82,Pass (Confirmed OK)
processed_1685-5.png,4.27.1号机OK/5/processed_1685-5.png,o,99.98,Pass (Confirmed OK)
processed_1690-5.png,4.27.1号机OK/5/processed_1690-5.png,o,99.94,Pass (Confirmed OK)
processed_1700-5.png,4.27.1号机OK/5/processed_1700-5.png,o,99.96,Pass (Confirmed OK)
processed_1693-5.png,4.27.1号机OK/5/processed_1693-5.png,o,99.81,Pass (Confirmed OK)
processed_1708-5.png,4.27.1号机OK/5/processed_1708-5.png,o,98.3,Pass (Confirmed OK)
processed_1718-5.png,4.27.1号机OK/5/processed_1718-5.png,o,99.83,Pass (Confirmed OK)
processed_1704-5.png,4.27.1号机OK/5/processed_1704-5.png,o,99.99,Pass (Confirmed OK)
processed_1686-5.png,4.27.1号机OK/5/processed_1686-5.png,o,99.97,Pass (Confirmed OK)
processed_1721-5.png,4.27.1号机OK/5/processed_1721-5.png,o,99.98,Pass (Confirmed OK)
processed_1713-5.png,4.27.1号机OK/5/processed_1713-5.png,o,99.36,Pass (Confirmed OK)
processed_1696-5.png,4.27.1号机OK/5/processed_1696-5.png,o,99.85,Pass (Confirmed OK)
processed_1691-5.png,4.27.1号机OK/5/processed_1691-5.png,o,99.81,Pass (Confirmed OK)
processed_1709-5.png,4.27.1号机OK/5/processed_1709-5.png,o,99.89,Pass (Confirmed OK)
processed_1694-5.png,4.27.1号机OK/5/processed_1694-5.png,o,99.98,Pass (Confirmed OK)
processed_1701-5.png,4.27.1号机OK/5/processed_1701-5.png,o,99.94,Pass (Confirmed OK)
processed_1699-5.png,4.27.1号机OK/5/processed_1699-5.png,o,99.82,Pass (Confirmed OK)
processed_1722-5.png,4.27.1号机OK/5/processed_1722-5.png,o,98.05,Pass (Confirmed OK)
processed_1683-9.png,4.27.1号机OK/9/processed_1683-9.png,sn,62.16,Review (Flagged for Double Check)
processed_1696-9.png,4.27.1号机OK/9/processed_1696-9.png,sn,57.12,Review (Flagged for Double Check)
processed_1693-9.png,4.27.1号机OK/9/processed_1693-9.png,sn,54.52,Review (Flagged for Double Check)
processed_1720-9.png,4.27.1号机OK/9/processed_1720-9.png,sn,44.53,Review (Flagged for Double Check)
processed_1705-9.png,4.27.1号机OK/9/processed_1705-9.png,o,90.75,Pass (Confirmed OK)
processed_1708-9.png,4.27.1号机OK/9/processed_1708-9.png,sn,65.83,Review (Flagged for Double Check)
processed_1691-9.png,4.27.1号机OK/9/processed_1691-9.png,sn,63.54,Review (Flagged for Double Check)
processed_1682-9.png,4.27.1号机OK/9/processed_1682-9.png,sn,54.02,Review (Flagged for Double Check)
processed_1709-9.png,4.27.1号机OK/9/processed_1709-9.png,sn,65.82,Review (Flagged for Double Check)
processed_1684-9.png,4.27.1号机OK/9/processed_1684-9.png,sn,62.53,Review (Flagged for Double Check)
processed_1702-9.png,4.27.1号机OK/9/processed_1702-9.png,sn,23.91,Review (Flagged for Double Check)
processed_1704-9.png,4.27.1号机OK/9/processed_1704-9.png,sn,66.28,Review (Flagged for Double Check)
processed_1700-9.png,4.27.1号机OK/9/processed_1700-9.png,sn,61.23,Review (Flagged for Double Check)
processed_1697-9.png,4.27.1号机OK/9/processed_1697-9.png,sn,64.0,Review (Flagged for Double Check)
processed_1703-9.png,4.27.1号机OK/9/processed_1703-9.png,sn,58.88,Review (Flagged for Double Check)
processed_1711-9.png,4.27.1号机OK/9/processed_1711-9.png,o,91.81,Pass (Confirmed OK)
processed_1686-9.png,4.27.1号机OK/9/processed_1686-9.png,sn,58.72,Review (Flagged for Double Check)
processed_1701-9.png,4.27.1号机OK/9/processed_1701-9.png,sn,64.76,Review (Flagged for Double Check)
processed_1692-9.png,4.27.1号机OK/9/processed_1692-9.png,sn,50.93,Review (Flagged for Double Check)
processed_1712-9.png,4.27.1号机OK/9/processed_1712-9.png,sn,59.86,Review (Flagged for Double Check)
processed_1698-9.png,4.27.1号机OK/9/processed_1698-9.png,sn,46.97,Review (Flagged for Double Check)
processed_1710-9.png,4.27.1号机OK/9/processed_1710-9.png,sn,59.61,Review (Flagged for Double Check)
processed_1699-9.png,4.27.1号机OK/9/processed_1699-9.png,sn,66.77,Review (Flagged for Double Check)
processed_1695-9.png,4.27.1号机OK/9/processed_1695-9.png,sn,43.99,Review (Flagged for Double Check)
processed_1688-9.png,4.27.1号机OK/9/processed_1688-9.png,sn,61.14,Review (Flagged for Double Check)
processed_1707-9.png,4.27.1号机OK/9/processed_1707-9.png,sn,51.51,Review (Flagged for Double Check)
processed_1719-9.png,4.27.1号机OK/9/processed_1719-9.png,sn,68.97,Review (Flagged for Double Check)
processed_1687-9.png,4.27.1号机OK/9/processed_1687-9.png,sn,66.9,Review (Flagged for Double Check)
processed_1714-9.png,4.27.1号机OK/9/processed_1714-9.png,sn,62.94,Review (Flagged for Double Check)
processed_1685-9.png,4.27.1号机OK/9/processed_1685-9.png,sn,39.43,Review (Flagged for Double Check)
processed_1706-9.png,4.27.1号机OK/9/processed_1706-9.png,sn,54.81,Review (Flagged for Double Check)
processed_1715-9.png,4.27.1号机OK/9/processed_1715-9.png,sn,60.63,Review (Flagged for Double Check)
processed_1718-9.png,4.27.1号机OK/9/processed_1718-9.png,mn,55.97,Review (Flagged for Double Check)
processed_1694-9.png,4.27.1号机OK/9/processed_1694-9.png,sn,63.58,Review (Flagged for Double Check)
processed_1713-9.png,4.27.1号机OK/9/processed_1713-9.png,mn,46.22,Review (Flagged for Double Check)
processed_1721-9.png,4.27.1号机OK/9/processed_1721-9.png,sn,70.21,Review (Flagged for Double Check)
processed_1690-9.png,4.27.1号机OK/9/processed_1690-9.png,sn,50.1,Review (Flagged for Double Check)
processed_1716-9.png,4.27.1号机OK/9/processed_1716-9.png,sn,34.23,Review (Flagged for Double Check)
processed_1717-9.png,4.27.1号机OK/9/processed_1717-9.png,sn,61.52,Review (Flagged for Double Check)
processed_1689-9.png,4.27.1号机OK/9/processed_1689-9.png,sn,64.45,Review (Flagged for Double Check)
processed_1722-9.png,4.27.1号机OK/9/processed_1722-9.png,sn,66.63,Review (Flagged for Double Check)
processed_1705-7.png,4.27.1号机OK/7/processed_1705-7.png,sn,31.76,Review (Flagged for Double Check)
processed_1721-7.png,4.27.1号机OK/7/processed_1721-7.png,sn,78.03,Review (Flagged for Double Check)
processed_1703-7.png,4.27.1号机OK/7/processed_1703-7.png,sn,78.1,Review (Flagged for Double Check)
processed_1692-7.png,4.27.1号机OK/7/processed_1692-7.png,xn,39.58,Review (Flagged for Double Check)
processed_1702-7.png,4.27.1号机OK/7/processed_1702-7.png,sn,56.58,Review (Flagged for Double Check)
processed_1700-7.png,4.27.1号机OK/7/processed_1700-7.png,sn,54.14,Review (Flagged for Double Check)
processed_1696-7.png,4.27.1号机OK/7/processed_1696-7.png,sn,59.02,Review (Flagged for Double Check)
processed_1711-7.png,4.27.1号机OK/7/processed_1711-7.png,sn,24.31,Review (Flagged for Double Check)
processed_1690-7.png,4.27.1号机OK/7/processed_1690-7.png,sn,74.52,Review (Flagged for Double Check)
processed_1707-7.png,4.27.1号机OK/7/processed_1707-7.png,sn,13.7,Review (Flagged for Double Check)
processed_1712-7.png,4.27.1号机OK/7/processed_1712-7.png,o,93.18,Pass (Confirmed OK)
processed_1719-7.png,4.27.1号机OK/7/processed_1719-7.png,sn,67.02,Review (Flagged for Double Check)
processed_1694-7.png,4.27.1号机OK/7/processed_1694-7.png,sn,26.87,Review (Flagged for Double Check)
processed_1699-7.png,4.27.1号机OK/7/processed_1699-7.png,sn,69.27,Review (Flagged for Double Check)
processed_1684-7.png,4.27.1号机OK/7/processed_1684-7.png,xn,52.9,Review (Flagged for Double Check)
processed_1688-7.png,4.27.1号机OK/7/processed_1688-7.png,sn,79.27,Review (Flagged for Double Check)
processed_1683-7.png,4.27.1号机OK/7/processed_1683-7.png,o,96.56,Pass (Confirmed OK)
processed_1720-7.png,4.27.1号机OK/7/processed_1720-7.png,sn,78.34,Review (Flagged for Double Check)
processed_1685-7.png,4.27.1号机OK/7/processed_1685-7.png,sn,43.48,Review (Flagged for Double Check)
processed_1695-7.png,4.27.1号机OK/7/processed_1695-7.png,sn,43.18,Review (Flagged for Double Check)
processed_1722-7.png,4.27.1号机OK/7/processed_1722-7.png,sn,39.19,Review (Flagged for Double Check)
processed_1697-7.png,4.27.1号机OK/7/processed_1697-7.png,mn,45.77,Review (Flagged for Double Check)
processed_1716-7.png,4.27.1号机OK/7/processed_1716-7.png,mn,51.42,Review (Flagged for Double Check)
processed_1687-7.png,4.27.1号机OK/7/processed_1687-7.png,o,96.51,Pass (Confirmed OK)
processed_1713-7.png,4.27.1号机OK/7/processed_1713-7.png,mn,43.26,Review (Flagged for Double Check)
processed_1717-7.png,4.27.1号机OK/7/processed_1717-7.png,sn,71.55,Review (Flagged for Double Check)
processed_1708-7.png,4.27.1号机OK/7/processed_1708-7.png,mn,35.29,Review (Flagged for Double Check)
processed_1706-7.png,4.27.1号机OK/7/processed_1706-7.png,sn,50.01,Review (Flagged for Double Check)
processed_1718-7.png,4.27.1号机OK/7/processed_1718-7.png,mn,47.68,Review (Flagged for Double Check)
processed_1682-7.png,4.27.1号机OK/7/processed_1682-7.png,sn,25.48,Review (Flagged for Double Check)
processed_1689-7.png,4.27.1号机OK/7/processed_1689-7.png,sn,32.51,Review (Flagged for Double Check)
processed_1715-7.png,4.27.1号机OK/7/processed_1715-7.png,sn,54.05,Review (Flagged for Double Check)
processed_1698-7.png,4.27.1号机OK/7/processed_1698-7.png,mn,44.3,Review (Flagged for Double Check)
processed_1693-7.png,4.27.1号机OK/7/processed_1693-7.png,sn,77.5,Review (Flagged for Double Check)
processed_1714-7.png,4.27.1号机OK/7/processed_1714-7.png,sn,36.64,Review (Flagged for Double Check)
processed_1691-7.png,4.27.1号机OK/7/processed_1691-7.png,sn,44.36,Review (Flagged for Double Check)
processed_1701-7.png,4.27.1号机OK/7/processed_1701-7.png,sn,72.77,Review (Flagged for Double Check)
processed_1709-7.png,4.27.1号机OK/7/processed_1709-7.png,sn,76.1,Review (Flagged for Double Check)
processed_1686-7.png,4.27.1号机OK/7/processed_1686-7.png,sn,60.68,Review (Flagged for Double Check)
processed_1710-7.png,4.27.1号机OK/7/processed_1710-7.png,xn,49.08,Review (Flagged for Double Check)
processed_1704-7.png,4.27.1号机OK/7/processed_1704-7.png,sn,56.34,Review (Flagged for Double Check)
processed_1697-3.png,4.27.1号机OK/3/processed_1697-3.png,sn,51.92,Review (Flagged for Double Check)
processed_1701-3.png,4.27.1号机OK/3/processed_1701-3.png,sn,58.11,Review (Flagged for Double Check)
processed_1703-3.png,4.27.1号机OK/3/processed_1703-3.png,sn,52.75,Review (Flagged for Double Check)
processed_1712-3.png,4.27.1号机OK/3/processed_1712-3.png,sn,57.01,Review (Flagged for Double Check)
processed_1690-3.png,4.27.1号机OK/3/processed_1690-3.png,sn,54.79,Review (Flagged for Double Check)
processed_1700-3.png,4.27.1号机OK/3/processed_1700-3.png,sn,55.08,Review (Flagged for Double Check)
processed_1722-3.png,4.27.1号机OK/3/processed_1722-3.png,sn,53.9,Review (Flagged for Double Check)
processed_1720-3.png,4.27.1号机OK/3/processed_1720-3.png,mn,42.21,Review (Flagged for Double Check)
processed_1708-3.png,4.27.1号机OK/3/processed_1708-3.png,mn,41.95,Review (Flagged for Double Check)
processed_1721-3.png,4.27.1号机OK/3/processed_1721-3.png,sn,53.76,Review (Flagged for Double Check)
processed_1691-3.png,4.27.1号机OK/3/processed_1691-3.png,sn,29.88,Review (Flagged for Double Check)
processed_1682-3.png,4.27.1号机OK/3/processed_1682-3.png,sn,45.65,Review (Flagged for Double Check)
processed_1692-3.png,4.27.1号机OK/3/processed_1692-3.png,mn,43.37,Review (Flagged for Double Check)
processed_1686-3.png,4.27.1号机OK/3/processed_1686-3.png,mn,40.99,Review (Flagged for Double Check)
processed_1699-3.png,4.27.1号机OK/3/processed_1699-3.png,sn,60.77,Review (Flagged for Double Check)
processed_1719-3.png,4.27.1号机OK/3/processed_1719-3.png,sn,47.5,Review (Flagged for Double Check)
processed_1694-3.png,4.27.1号机OK/3/processed_1694-3.png,sn,56.34,Review (Flagged for Double Check)
processed_1711-3.png,4.27.1号机OK/3/processed_1711-3.png,sn,54.18,Review (Flagged for Double Check)
processed_1684-3.png,4.27.1号机OK/3/processed_1684-3.png,sn,52.57,Review (Flagged for Double Check)
processed_1707-3.png,4.27.1号机OK/3/processed_1707-3.png,mn,48.6,Review (Flagged for Double Check)
processed_1715-3.png,4.27.1号机OK/3/processed_1715-3.png,sn,52.6,Review (Flagged for Double Check)
processed_1713-3.png,4.27.1号机OK/3/processed_1713-3.png,mn,41.6,Review (Flagged for Double Check)
processed_1685-3.png,4.27.1号机OK/3/processed_1685-3.png,sn,53.04,Review (Flagged for Double Check)
processed_1704-3.png,4.27.1号机OK/3/processed_1704-3.png,sn,49.48,Review (Flagged for Double Check)
processed_1717-3.png,4.27.1号机OK/3/processed_1717-3.png,sn,48.9,Review (Flagged for Double Check)
processed_1696-3.png,4.27.1号机OK/3/processed_1696-3.png,sn,44.51,Review (Flagged for Double Check)
processed_1714-3.png,4.27.1号机OK/3/processed_1714-3.png,sn,48.56,Review (Flagged for Double Check)
processed_1705-3.png,4.27.1号机OK/3/processed_1705-3.png,o,95.35,Pass (Confirmed OK)
processed_1689-3.png,4.27.1号机OK/3/processed_1689-3.png,sn,40.94,Review (Flagged for Double Check)
processed_1706-3.png,4.27.1号机OK/3/processed_1706-3.png,sn,54.85,Review (Flagged for Double Check)
processed_1710-3.png,4.27.1号机OK/3/processed_1710-3.png,sn,44.32,Review (Flagged for Double Check)
processed_1695-3.png,4.27.1号机OK/3/processed_1695-3.png,sn,26.91,Review (Flagged for Double Check)
processed_1718-3.png,4.27.1号机OK/3/processed_1718-3.png,sn,52.14,Review (Flagged for Double Check)
processed_1702-3.png,4.27.1号机OK/3/processed_1702-3.png,sn,52.08,Review (Flagged for Double Check)
processed_1716-3.png,4.27.1号机OK/3/processed_1716-3.png,sn,46.95,Review (Flagged for Double Check)
processed_1688-3.png,4.27.1号机OK/3/processed_1688-3.png,sn,33.1,Review (Flagged for Double Check)
processed_1693-3.png,4.27.1号机OK/3/processed_1693-3.png,sn,65.06,Review (Flagged for Double Check)
processed_1709-3.png,4.27.1号机OK/3/processed_1709-3.png,mn,42.17,Review (Flagged for Double Check)
processed_1683-3.png,4.27.1号机OK/3/processed_1683-3.png,sn,46.33,Review (Flagged for Double Check)
processed_1687-3.png,4.27.1号机OK/3/processed_1687-3.png,sn,53.89,Review (Flagged for Double Check)
processed_1698-3.png,4.27.1号机OK/3/processed_1698-3.png,sn,54.9,Review (Flagged for Double Check)
processed_1711-1.png,4.27.1号机OK/1/processed_1711-1.png,o,97.28,Pass (Confirmed OK)
processed_1714-1.png,4.27.1号机OK/1/processed_1714-1.png,sn,64.48,Review (Flagged for Double Check)
processed_1695-1.png,4.27.1号机OK/1/processed_1695-1.png,o,99.42,Pass (Confirmed OK)
processed_1682-1.png,4.27.1号机OK/1/processed_1682-1.png,o,96.98,Pass (Confirmed OK)
processed_1696-1.png,4.27.1号机OK/1/processed_1696-1.png,o,95.74,Pass (Confirmed OK)
processed_1705-1.png,4.27.1号机OK/1/processed_1705-1.png,sn,53.59,Review (Flagged for Double Check)
processed_1713-1.png,4.27.1号机OK/1/processed_1713-1.png,sn,31.23,Review (Flagged for Double Check)
processed_1685-1.png,4.27.1号机OK/1/processed_1685-1.png,sn,14.47,Review (Flagged for Double Check)
processed_1704-1.png,4.27.1号机OK/1/processed_1704-1.png,o,96.47,Pass (Confirmed OK)
processed_1692-1.png,4.27.1号机OK/1/processed_1692-1.png,sn,44.19,Review (Flagged for Double Check)
processed_1718-1.png,4.27.1号机OK/1/processed_1718-1.png,sn,15.29,Review (Flagged for Double Check)
processed_1707-1.png,4.27.1号机OK/1/processed_1707-1.png,sn,48.98,Review (Flagged for Double Check)
processed_1708-1.png,4.27.1号机OK/1/processed_1708-1.png,sn,21.21,Review (Flagged for Double Check)
processed_1722-1.png,4.27.1号机OK/1/processed_1722-1.png,o,98.44,Pass (Confirmed OK)
processed_1719-1.png,4.27.1号机OK/1/processed_1719-1.png,sn,13.4,Review (Flagged for Double Check)
processed_1697-1.png,4.27.1号机OK/1/processed_1697-1.png,sn,74.45,Review (Flagged for Double Check)
processed_1709-1.png,4.27.1号机OK/1/processed_1709-1.png,mn,45.89,Review (Flagged for Double Check)
processed_1715-1.png,4.27.1号机OK/1/processed_1715-1.png,o,99.47,Pass (Confirmed OK)
processed_1686-1.png,4.27.1号机OK/1/processed_1686-1.png,sn,53.67,Review (Flagged for Double Check)
processed_1684-1.png,4.27.1号机OK/1/processed_1684-1.png,o,98.85,Pass (Confirmed OK)
processed_1710-1.png,4.27.1号机OK/1/processed_1710-1.png,mn,42.5,Review (Flagged for Double Check)
processed_1698-1.png,4.27.1号机OK/1/processed_1698-1.png,sn,79.93,Review (Flagged for Double Check)
processed_1721-1.png,4.27.1号机OK/1/processed_1721-1.png,o,98.18,Pass (Confirmed OK)
processed_1689-1.png,4.27.1号机OK/1/processed_1689-1.png,sn,17.97,Review (Flagged for Double Check)
processed_1699-1.png,4.27.1号机OK/1/processed_1699-1.png,o,98.89,Pass (Confirmed OK)
processed_1706-1.png,4.27.1号机OK/1/processed_1706-1.png,o,99.94,Pass (Confirmed OK)
processed_1687-1.png,4.27.1号机OK/1/processed_1687-1.png,o,97.02,Pass (Confirmed OK)
processed_1703-1.png,4.27.1号机OK/1/processed_1703-1.png,sn,52.31,Review (Flagged for Double Check)
processed_1702-1.png,4.27.1号机OK/1/processed_1702-1.png,sn,19.5,Review (Flagged for Double Check)
processed_1691-1.png,4.27.1号机OK/1/processed_1691-1.png,o,99.77,Pass (Confirmed OK)
processed_1694-1.png,4.27.1号机OK/1/processed_1694-1.png,o,99.99,Pass (Confirmed OK)
processed_1700-1.png,4.27.1号机OK/1/processed_1700-1.png,sn,36.93,Review (Flagged for Double Check)
processed_1720-1.png,4.27.1号机OK/1/processed_1720-1.png,o,97.8,Pass (Confirmed OK)
processed_1690-1.png,4.27.1号机OK/1/processed_1690-1.png,o,92.52,Pass (Confirmed OK)
processed_1693-1.png,4.27.1号机OK/1/processed_1693-1.png,sn,70.07,Review (Flagged for Double Check)
processed_1712-1.png,4.27.1号机OK/1/processed_1712-1.png,o,99.49,Pass (Confirmed OK)
processed_1683-1.png,4.27.1号机OK/1/processed_1683-1.png,o,99.08,Pass (Confirmed OK)
processed_1717-1.png,4.27.1号机OK/1/processed_1717-1.png,sn,69.72,Review (Flagged for Double Check)
processed_1701-1.png,4.27.1号机OK/1/processed_1701-1.png,o,98.93,Pass (Confirmed OK)
processed_1688-1.png,4.27.1号机OK/1/processed_1688-1.png,o,97.05,Pass (Confirmed OK)
processed_1716-1.png,4.27.1号机OK/1/processed_1716-1.png,mn,47.82,Review (Flagged for Double Check)
